beta_0,beta_1,sigma
-0.75820868,1.0378979,0.74163777
-0.45148395,1.0734183,0.89992054
0.53838868,0.88611182,1.008689
0.75049873,0.66938091,1.2350334
0.5199703,0.81366521,1.1633329
-0.15730261,0.78470557,1.0776815
0.68760042,0.5438594,1.040658
3.7579872,-0.26698206,0.78452659
4.065179,-0.31879781,1.068062
4.5359833,-0.36205721,1.4867798
-1.0903966,1.1320618,0.56353261
-1.2812789,1.288134,0.73462857
-0.90855539,1.3064902,0.72049264
-1.2287769,1.2430134,0.86650324
-2.5105833,1.5608522,0.63261123
-3.878279,1.9658097,0.90919849
-5.4961936,2.4778482,1.5458275
-4.123632,2.05153,1.2590876
-2.110548,1.4558799,1.1242897
-2.0160645,1.5545882,0.6150321
-1.5998829,1.3911764,0.73964313
-1.8842678,1.4281861,0.5671858
-1.3826003,1.3649494,0.69276479
-1.9562497,1.3366954,0.73873758
-0.4331039,1.1376177,1.1353664
-0.64383677,1.1454519,1.1081839
0.9075368,0.75747506,1.1641313
0.33634079,0.43057522,1.0749641
0.26208159,0.68492356,1.1913709
2.6724292,0.25713572,2.4222006
2.0822241,0.25651818,1.7949724
2.0757776,0.25633331,1.5367904
-5.191697,2.174725,1.4176548
-5.034786,2.291663,1.4197597
-1.8905465,1.4626533,0.81406349
-1.3092682,1.3680003,0.626298
-0.75135878,1.2253199,0.65963378
-2.737829,1.7380471,0.72485675
-2.8512934,1.6554688,0.79280837
-3.0235709,1.4685386,1.121009
-2.1977953,1.5384177,1.1534735
-0.16367905,1.0693224,1.5446889
-0.29879052,0.86597645,1.213502
-0.98551525,0.9458087,1.3498576
-1.8788184,1.3008931,1.198376
-2.8295047,1.5013136,0.69830806
-2.3165906,1.6818095,0.76031433
-2.800103,1.6501095,0.48266807
-1.231606,1.405025,1.5176072
0.4948776,0.86072008,0.53201859
0.95526213,0.65703443,0.57611205
-0.59649886,1.1584306,0.84236324
-1.0221577,1.3168137,0.83917639
0.67594617,0.84229936,0.83037102
-2.4557377,1.1055834,2.3002901
-2.4491858,1.0131164,2.2547883
-1.6068891,1.659203,2.0790498
-1.919423,1.4350976,2.0848687
-1.5409765,1.3254742,0.70103847
-1.6588917,1.3550117,0.52403276
-1.8419918,1.3393946,0.56335401
2.3616917,0.15263392,1.1764156
1.1942554,0.53893162,0.66475174
0.79364343,0.66649263,0.63798598
0.93497588,0.66433594,0.55622943
-2.3595874,1.4993408,0.69298415
1.4355642,0.40129707,0.64959468
0.3017453,0.94635287,0.66935423
1.5019313,0.6211118,0.90598097
-1.4381068,1.235773,0.71530315
0.067690716,0.80092686,0.74123004
0.55893416,0.89226249,0.7988426
-3.3637423,1.7139802,1.4941585
-1.4414977,1.2490754,1.0496159
-0.73979393,1.2696173,0.81612588
-1.62846,1.2786212,0.68911127
0.75655659,0.61162194,0.81221783
2.1103266,0.50001933,1.2186664
3.0372093,0.10375589,0.86623861
2.3780751,0.19071858,1.3260196
2.1694027,0.20977332,1.5845037
-5.451103,2.5214389,0.76683457
1.2507346,0.32497703,2.4442818
1.236567,0.34677017,2.3297649
1.4329299,0.18456163,1.7381224
0.59640365,0.95012707,1.282626
-1.3202245,1.072177,1.4158299
-1.1807405,1.0848708,1.4603481
-1.1945099,1.0832766,1.4066269
1.2650941,0.40875624,1.1102862
2.0702551,0.35625896,0.58612659
2.5479761,0.23520588,1.7523462
0.0029534241,0.7364046,0.57150263
-0.4528252,0.96041984,0.58144987
-0.6686706,1.2152816,0.70072865
-1.3763132,1.1182726,0.75706441
-1.3763132,1.1182726,0.75706441
2.5077833,0.3658328,1.0298949
0.81889714,0.48247007,0.64474712
2.6874463,0.27207013,1.1034807
3.0492497,0.1609447,1.056139
2.3614743,0.34142084,0.67272137
2.330161,0.34607926,0.48470224
-0.34094181,0.97879592,0.78405981
-0.14149034,0.9677385,0.70965584
-0.24038248,0.89662205,0.6065484
-0.34610185,0.87974128,0.57949292
-0.34610185,0.87974128,0.57949292
-0.19281489,0.9345283,0.60338316
-1.2824412,1.0092156,1.2111369
-1.1451692,1.0034431,1.1415905
-1.0407908,1.2507409,0.9780983
-0.67211124,1.2347702,0.97279089
-0.92006537,1.0935923,1.0137078
-2.0882457,1.4252297,0.59044863
-2.0882457,1.4252297,0.59044863
0.69860635,0.93262731,0.68024063
0.43312894,0.76359167,0.64557605
-0.86344207,1.1898617,0.56215362
-1.0241813,1.1361579,0.6255931
-0.30841995,1.0706577,0.66284522
-0.71678183,1.0848948,0.67051239
0.23069552,0.8201842,0.84611372
-0.59974316,1.075693,0.57801432
-0.95261513,1.252522,0.89289913
-1.0600417,1.1342038,1.0455313
-2.9112012,1.7997061,1.2530256
-0.87682787,1.0424605,0.72220552
-1.152045,1.2325315,0.4854138
-1.152045,1.2325315,0.4854138
-0.92470175,1.3063547,0.48240527
-1.2353042,1.1104218,0.79445486
-1.0500486,1.3637138,0.86165749
-0.96764432,1.2537524,0.61838191
1.3409915,0.52089998,0.59731243
-1.4410469,1.3494531,0.6607766
-1.4654331,1.2671091,0.63288401
-1.7614885,1.4857449,0.78042707
-2.1382834,1.4487181,0.90687643
-0.37182319,1.0231102,0.82901612
0.99308232,0.65038433,0.74945955
0.81022111,0.61253153,0.78452301
0.36474832,0.98154932,0.85251421
0.51056507,1.0349432,0.84737982
-0.4627991,0.89676511,0.94806042
0.64168032,0.89376288,1.1719949
-0.71264009,1.0162978,0.95174291
-0.45962907,1.0646894,1.1653639
-0.18320031,0.99953998,0.92688368
-0.98179205,1.1560518,0.76279203
0.55250174,0.67428336,0.52885358
0.60358886,0.7757934,0.47718796
0.96089716,0.72311024,1.1046502
1.0846951,0.6741095,1.3149143
1.555187,0.77579964,1.2813154
-0.11247314,0.5676112,1.3013561
0.36984883,0.63371731,1.2559526
2.9580156,0.36882681,1.4626272
2.058488,0.18884317,2.1029989
2.5361803,0.41343896,1.0034116
-1.8382738,1.3688373,0.67887029
0.12373711,0.86326386,0.49710705
-0.34726586,1.0060006,0.61638853
0.54426966,0.90897117,0.81948463
0.58689739,0.66590537,0.75983763
-1.5165641,1.3347803,0.53818432
-1.6542142,1.3867063,0.85672572
-1.0566594,1.1708386,0.76991419
-0.99034844,1.1844056,0.67136295
-0.58056164,1.1753907,0.52894795
0.69909365,0.78488087,0.71117837
-1.8550356,1.4218053,0.54048092
-1.3430725,1.4077531,0.59474431
0.24193326,0.65761839,0.95213425
-1.8158804,1.5587296,1.1383444
-2.4113608,1.5784956,0.77411987
0.34976969,0.83504723,0.67024728
-1.1650598,1.1685603,0.60980642
-0.61155871,1.1928444,0.55149392
-0.15383364,1.0083372,0.66551303
-0.41123421,0.98051026,0.68368248
-0.036389429,1.1241658,0.62824591
-0.46631611,0.84820867,0.87149639
-1.3990161,1.3651393,1.0282816
-1.4345905,1.3763172,1.064567
-0.67812516,1.4815174,1.0402967
3.5011075,0.32466371,1.2066318
2.127657,-0.18308618,1.9487026
2.4423348,-0.10317552,2.143636
-0.9463012,1.0035818,0.53164523
-1.7049756,1.2291113,0.82616465
-1.5289432,1.5247425,0.9790368
-1.6982993,1.458535,0.86679926
0.065555853,0.88330493,0.54989955
-0.017350894,0.73069566,1.5571058
-0.65279467,1.1058412,1.3931439
-0.45797595,1.0428115,1.434668
-0.68714919,1.131878,0.78427268
-1.177185,1.2690179,0.65829147
-1.2525246,1.2010474,0.47815988
-1.2525246,1.2010474,0.47815988
-1.2834305,1.2181648,0.53045917
-1.2034176,1.1744076,0.55574599
-2.1345433,1.4119073,0.59924854
-1.315314,1.3731239,0.80706503
-0.95783787,1.2879992,0.65826695
-1.1734888,1.1298474,0.61424776
-1.4250505,1.234544,0.62431176
-1.701582,1.50721,0.5927757
0.3794149,0.80020668,0.76836956
0.0083230056,1.0386516,0.60686429
-1.3264881,1.3033516,0.95533139
1.1051667,0.4745733,0.78655124
0.53845774,0.6814771,0.66768259
0.54364945,0.85010113,0.67987737
-2.7120597,1.6421627,1.1085505
-1.2933466,1.1997699,1.1801692
-0.89648019,1.243664,1.6804458
-2.7616074,1.4723984,2.1665963
-4.4131512,1.954284,0.93850821
-3.6234432,2.0716229,1.1214994
0.77376267,0.84384138,0.56517486
0.59401641,0.7500806,0.61628891
-0.15359488,0.95769406,0.55377365
-0.15359488,0.95769406,0.55377365
-0.75569741,1.1421263,0.53315899
1.1266467,0.55346675,0.80276433
2.9381619,0.091358328,0.71747388
1.8810231,0.50705056,0.75860961
-0.20908008,0.9558044,0.46926811
0.14355758,0.88027098,0.41311071
0.67309201,0.79796877,0.43165594
0.67309201,0.79796877,0.43165594
0.67309201,0.79796877,0.43165594
0.67309201,0.79796877,0.43165594
0.55068678,0.69188912,0.42479318
0.55068678,0.69188912,0.42479318
0.4443752,0.81372312,0.40817078
0.31261723,0.79028121,0.47684716
-0.6662104,1.0781718,0.61669468
-0.73881027,1.1835842,0.611983
-2.3769617,1.6243765,0.84154024
-1.5470007,1.3500321,0.50976094
-1.4091481,1.3479594,0.56743608
-2.1500588,1.3804881,0.81137202
-2.4182014,1.8518555,2.4656056
-2.5326363,1.8520259,2.5402244
1.6509436,0.55616132,1.3180734
1.4886857,0.63631244,0.72618105
1.6905334,0.37304126,0.94973217
2.5107181,0.15194613,1.0949148
1.529344,0.50745626,0.9032731
-0.65569419,1.0966845,2.1089857
-2.0213668,1.4108053,1.9227992
-0.86655178,1.3174602,1.2365334
-0.7566471,1.2496485,0.85518403
-1.0728945,1.1169475,0.73442334
-0.91654681,1.280962,0.57529513
-0.94657174,1.2318264,0.5862901
-0.9534149,1.128723,0.71323936
0.3508444,0.80044633,0.61570105
0.39346709,0.86419743,0.56534914
0.1669853,0.70268611,0.75455683
-3.9162649,2.122522,0.90478635
1.5140533,0.65596431,1.8156762
-1.1098713,1.276052,0.43098129
-1.1098713,1.276052,0.43098129
-1.3939972,1.1055216,0.75800732
-1.1773432,1.1954069,0.5131205
-0.52340118,1.0703912,0.69958612
-0.39412923,1.0002473,0.57073961
-0.1817669,0.92100474,0.48100878
-0.1817669,0.92100474,0.48100878
0.010469601,0.90139055,0.48474708
0.010469601,0.90139055,0.48474708
0.010469601,0.90139055,0.48474708
0.010469601,0.90139055,0.48474708
1.1468332,0.56930711,0.78261445
-2.9459793,1.830338,0.65054288
-4.0795343,2.0172569,0.64459921
-2.1180472,1.4832323,1.5585009
-1.6491104,1.4801644,1.3730049
-2.790628,1.8508185,0.88695182
0.076785267,0.90833996,0.66364265
1.4592562,0.4836075,0.56455904
1.2531262,0.48947964,0.65513438
0.3125507,0.78576866,0.91647422
0.31103764,0.81091343,1.2494403
0.74499651,0.79052381,1.3760612
0.341051,0.87191498,0.95591824
-0.010439885,0.92363494,0.6044725
-0.24971015,0.9946371,0.72262063
-0.73720702,1.1898913,0.66132573
-0.7570391,1.081371,0.67749148
0.63076108,0.78289456,1.0341108
-1.8209307,1.3208974,0.95014907
-0.605259,0.98231105,0.70556164
1.1093551,0.61726438,0.69024103
-0.41272056,1.054694,0.91053205
-1.2195946,1.407611,1.0663351
-0.20966839,1.0988161,0.6396466
2.2087398,0.31901031,0.75334682
0.32640229,0.88404116,0.66018121
-0.65837286,1.0462473,0.55466893
3.3406885,0.13495323,1.6607996
3.9679372,0.14063751,1.7377185
2.8377619,-0.38699751,1.1867746
-7.047202,3.1066134,2.0361595
-8.6796245,2.9009619,1.6843478
-9.4105894,2.6245189,1.6405286
-8.9257027,2.8264628,1.7096554
-8.7824805,2.7744167,2.6553804
-8.7038577,2.784638,2.6142208
-4.3623982,2.5908384,1.3043995
-5.2939285,2.3782201,1.2954502
-5.7926947,2.4888949,1.4348404
-1.1898387,1.2421357,0.66686904
-1.0675579,1.0932036,0.68639435
-0.42779379,1.008168,0.442002
-0.42779379,1.008168,0.442002
-0.42779379,1.008168,0.442002
-0.42779379,1.008168,0.442002
-0.72064827,1.2191944,0.74104663
1.2941473,0.63315746,0.90450985
-0.071712781,0.97572766,0.58800397
-0.74790212,0.99466884,0.79455869
0.8997359,0.54050675,0.56729961
-3.1090044,1.9392967,0.82618561
1.2703578,0.39875057,0.74138926
1.4557175,0.54246191,0.74684388
1.565,0.41398344,0.91328682
2.1716976,0.41174242,0.86542273
-0.13677048,0.99865881,0.75841892
-0.415211,1.0007394,0.59792181
-0.31707286,1.0694031,0.53309557
-1.5244957,1.4856083,0.63937145
-1.5425641,1.3521925,0.67563914
-0.4694317,1.1626091,0.72487771
1.569695,0.54594901,0.89710029
1.5510077,0.60206911,0.79477091
1.571275,0.62218869,0.59479773
-4.2698396,1.4651281,2.9874397
-4.9393391,2.7119686,2.007542
-5.1489207,2.8330686,1.9779387
-4.5189684,2.4532175,3.061301
-2.4155967,1.6830921,0.70395499
0.20281698,0.82591321,0.52978225
0.97857547,0.61479646,0.85476385
-0.87483118,1.1141365,1.0175392
-3.6563346,1.9586462,0.54862037
-4.0936372,1.9714361,0.57103249
-3.7487525,2.0990643,0.62265088
-4.5112417,1.9857344,0.57804354
-3.6228929,1.7045302,4.1546974
-2.9326291,2.1963543,3.1848378
-2.4252991,2.4263689,2.8866985
-3.2509878,2.274532,3.430633
-5.5456795,2.1296293,4.1551888
-6.57601,2.9270745,1.1365173
-2.538246,1.5739847,1.4728696
-3.7384097,2.0185465,0.56360145
0.43317421,0.81992956,1.0280198
1.7399071,0.4557695,0.57898425
1.8057797,0.44314067,0.58005707
2.8151705,0.13865426,1.1556889
2.3895664,-0.11953845,2.2477699
2.2415759,-0.14422717,1.8994814
2.3238242,-0.23947651,1.0546007
3.0489143,0.30296829,1.1319094
2.3633371,-0.11976119,2.0319908
4.8461058,-0.40171964,2.2931061
-4.3069857,1.9160342,1.0067684
-3.3469471,1.8781857,0.75590943
-3.4455592,1.8830794,0.73445552
-3.7584753,1.8185751,0.69323449
-0.81345563,0.95538101,0.78265677
-0.44018382,1.2592051,0.71457002
-1.7267397,1.3215331,0.8290835
-1.8583544,1.459542,0.98595866
-2.2441676,1.3869041,1.0615588
-2.2441676,1.3869041,1.0615588
-0.64465511,1.2055671,0.63115363
-1.9841806,1.5959346,1.0022847
-1.2673021,1.1701008,1.0017984
-1.629144,1.0993338,1.051417
-1.6942469,1.404114,1.0291462
-2.2270355,1.3695953,1.0376874
-2.5489894,1.8992281,1.0233757
-2.8940119,1.7347486,1.1587158
-2.2934242,1.5475538,0.72004738
0.81827635,0.668671,0.44989986
0.57174249,0.69724348,0.43086809
0.65786369,0.78811246,0.85630924
-2.4643869,1.610653,0.66012623
-2.5407661,1.504177,0.62719356
-2.0876427,1.5395357,0.50881716
-2.0876427,1.5395357,0.50881716
-2.1864719,1.6450389,0.60606647
-3.4525234,1.9152168,0.85641557
-1.0412065,1.1902092,1.0116391
-0.42845243,1.2823737,1.0902397
-2.1090713,1.3504055,0.78074123
-1.6508426,1.3744184,0.54262813
-2.2596002,1.4927056,0.59880611
-2.1649591,1.4503649,0.97642091
1.6279377,0.53265623,0.68756013
-1.6643451,1.2864567,1.0599289
-2.2346981,1.5800723,0.61026574
-1.2889846,1.6649263,1.4799208
-1.6408243,0.9144587,1.6491538
-0.84426229,1.5620483,1.2201656
-1.1222153,1.6360682,1.3125129
-1.7628734,1.077679,1.6238472
-1.6494663,1.2032955,1.6510227
-0.16856035,0.94994348,1.0299085
-1.2248569,1.292257,1.1080234
-2.0188332,1.2372864,1.8182917
-3.4681891,1.905216,1.2668489
0.621846,0.64817833,0.58320548
2.2647143,0.10373871,1.0478403
1.9794034,0.18754073,1.1569488
2.8940737,0.31597587,0.86770868
3.0031487,0.0076574503,1.137329
-2.804021,1.6513624,0.53964718
-0.10186951,0.65019771,1.4357405
-0.45310663,1.2379265,1.0135313
2.2889801,0.40500352,1.0651105
0.84649028,0.60536571,1.5914511
1.3191467,0.63156999,1.5589782
0.4811737,0.72687833,1.9369385
0.22789939,0.70660863,2.2564377
1.5241421,0.78029078,3.1083319
0.12887998,1.0897938,2.1784149
3.7118827,-0.18231145,2.6341857
2.7853346,-0.21807038,1.0949974
-2.3516798,0.97308287,2.1813918
0.46585185,0.97939014,0.96776137
1.2504747,0.66388435,0.65431639
-1.6068189,1.5234031,0.572115
-1.7887323,1.2667206,0.75777484
-1.3155692,1.257989,0.73947154
-2.4159241,1.518181,0.82973773
-1.2074164,1.2835814,0.84405949
0.56512352,0.82221559,0.69732817
0.94736679,0.51702879,0.88821418
1.1282734,0.5758118,0.8644983
-1.7214446,1.506802,0.55641219
-2.2992407,1.4480746,0.51632617
2.421939,0.044165857,1.3999003
0.88056482,0.49460568,0.72509225
1.0800173,0.50357626,0.68843908
1.844357,0.55651898,0.7068671
-1.6517382,1.5981524,1.5597606
-2.1222608,1.7070107,1.9667227
-1.4938871,1.5116078,2.4297192
-3.7815885,1.2063886,2.6509606
-5.5562181,2.8353143,2.9301081
-7.4337825,2.7854196,1.3978744
-6.8079686,2.7180262,0.99192239
-6.5765852,2.8083832,0.81468264
0.87100533,0.47561792,2.2865109
3.2372601,0.36970665,1.9216319
1.8896751,-0.045901052,1.6518999
4.0650328,-0.10505079,2.2913199
4.8581686,-0.016857557,2.3963411
2.2523262,0.1773567,1.6116179
6.053113,-0.81483146,1.2364355
6.073179,-0.73100842,1.6772596
7.0197187,-0.87173915,2.6759031
7.0253521,-0.96362596,2.0556773
6.9011537,-1.2009449,1.636205
7.4257563,-0.99272463,1.9554761
6.0728692,-0.63106929,1.3454392
5.2636014,-0.7499015,1.5907308
5.7490954,-0.61847633,1.4000352
7.7807386,-1.2060775,1.8802802
3.7155602,-0.304523,1.6050088
2.520481,0.31727831,1.4371356
-0.18324244,0.92466087,1.7241723
-0.29059814,1.1191928,1.199974
1.0842941,0.73320734,0.61160418
-0.96185862,1.1677558,0.50023978
-0.96185862,1.1677558,0.50023978
-0.96185862,1.1677558,0.50023978
0.87030261,0.66621906,0.65809469
-0.78094087,1.1303836,0.62654942
-0.18944388,0.96672527,0.89712017
-1.0874158,1.2124663,1.1780696
-1.2949651,1.3062626,1.0380438
-1.1647746,0.87416322,0.91336595
4.108408,0.27336947,1.7498779
-0.55054214,1.0522053,1.8102341
0.077074144,1.1883477,1.6977474
2.2071905,0.28775987,0.84806185
-2.9533352,1.7230203,0.77970746
-3.2420548,1.8364209,0.80697427
0.37241535,0.75745324,0.56347096
2.4812585,0.30539322,0.86397463
1.1379373,0.68824733,0.4753139
1.031862,0.64653007,0.4670093
1.106906,0.65166324,0.51594701
0.57839527,0.78775536,0.75407634
0.052296999,0.85389156,0.56422498
3.1811248,-0.092184774,1.3828739
3.5369901,0.19844513,1.2729662
3.1035503,0.098381077,1.3011965
2.7793929,0.25885153,0.97451043
2.1365262,0.089528721,1.0066251
0.26166774,0.74467631,1.3460044
0.1793135,0.94001071,0.76608424
-2.3997652,1.643748,0.52442604
-1.7876511,1.5346536,0.61231346
-0.94718365,1.0786949,0.68546205
0.090396305,1.0106315,0.50363498
-1.1570625,1.31627,0.67573701
-1.3789891,1.2414542,0.64897422
-0.78563931,1.2558226,0.74816005
-1.0292989,1.1808656,0.74372863
-1.520756,1.37676,0.55136712
-1.6206658,1.3306794,0.47505274
-3.183346,1.7159736,0.95629426
-3.154117,1.8115186,0.65302848
-3.7302155,2.1689804,1.3594183
-4.5063475,2.2712552,1.2208041
-7.3858972,3.1090306,1.473727
-7.8377004,2.9413593,1.5907953
-3.6265535,2.1559053,1.962442
-4.3972964,2.1534239,4.2549195
-4.4921937,2.4163266,2.6635749
-4.5292966,1.9537914,1.563577
-4.1806691,1.9683195,1.6116021
-1.61984,1.5944584,1.2541247
-3.1725997,1.5099398,1.3644689
-3.2268749,2.0719063,0.88604195
-3.7490777,1.9117936,0.92534516
-2.2398803,1.5761924,0.75565103
-3.4378984,1.5925207,1.2753056
-0.27234813,1.281268,0.98198291
-0.70329352,1.1505783,0.93313098
-3.1053384,1.5882809,0.64345913
-3.1948599,1.7231379,0.5269141
-2.4294313,1.6147164,0.52468689
-2.5764798,1.5544287,0.64277957
-3.5263694,1.7602695,1.2063374
-1.3596213,1.417882,0.58192164
-2.9535272,1.8762879,0.71320085
-4.3471097,2.2629602,1.319577
-1.1005375,1.1939896,0.81362173
-2.6080961,1.6964834,0.71104702
0.25693443,0.78383351,0.59720093
-0.22469165,0.98130534,0.48571437
-0.25031236,1.0153636,0.61335844
-2.6951112,1.5271628,1.1043469
-2.0784311,1.3814876,1.0007152
-1.7874585,1.5327381,0.64520078
-0.31293541,0.93005843,1.3506692
-0.58718706,0.98861358,0.94278983
0.44308917,0.78707914,0.73266934
0.71563177,0.91722986,0.72950603
0.65456857,0.87059892,0.76025159
0.49303251,0.5987821,0.65381359
0.72266226,0.89377105,0.82240785
0.35968261,0.82884318,0.56214235
0.35968261,0.82884318,0.56214235
1.6528878,0.62413626,1.4415795
1.5120766,0.58910906,0.62852621
0.8725036,0.56611598,0.66646988
-2.1003009,1.395229,0.66968593
-1.8700308,1.3961623,0.46366572
-1.8974527,1.4652919,0.43426363
-1.0306487,1.1913155,0.46485232
1.4367873,0.51266205,1.0101525
0.61236893,0.82134113,1.048748
0.44702693,0.77931024,1.2048348
1.786663,0.38397888,0.79342586
1.1986069,0.68860686,0.64710999
-0.27701233,1.0773054,1.1470587
0.22727765,0.79336263,0.91641963
-2.2187319,1.6367206,1.5317457
-3.0539652,1.7835532,1.5982312
-1.9500431,1.4805115,0.58055065
-1.3199906,1.3239418,0.72289326
-0.51279536,1.0430737,0.51922072
-0.40488667,0.99204161,0.58080687
0.0027267154,0.84716876,0.79321807
-1.520993,1.4414107,0.65173417
-1.0808724,1.286975,1.0592041
-2.8817836,1.9429032,0.97775556
-1.5270842,1.3187849,0.73955689
-2.4587521,1.5491289,0.52910356
-2.4731469,1.575978,1.2248222
-1.8711631,1.6644956,1.0883682
-1.9311317,1.594701,1.0468545
-1.6023889,1.1772015,1.9503979
-2.5881468,1.517265,0.6242898
0.25784551,0.78632898,0.72495372
0.17594012,0.83676945,0.62246871
-0.16816041,0.97019491,0.74987998
0.23847932,0.96499763,0.61531069
-0.96668559,1.3903578,1.1495861
-1.083779,1.4272272,1.3268473
-1.3589649,1.1247517,1.5420864
-1.2430637,1.2513763,1.3220974
-0.41855688,1.009775,0.82685478
-0.17996941,1.0565219,0.90623214
-0.94266853,1.0968188,0.59749531
-0.50972247,1.0511246,0.53820617
1.1558789,0.58197984,0.80065636
1.2878025,0.32480883,0.97488224
1.3061925,0.30664162,1.0214761
2.0645918,0.10373525,1.2735345
2.2573589,0.11774297,1.2403668
1.6334347,0.66104971,0.91197753
-1.6128259,1.1600752,0.81673867
-1.0837533,1.3999473,0.76974265
-0.60591681,1.2684944,0.59305992
-0.41199459,0.86804664,0.75230938
0.0086934611,1.1699655,0.8113586
-1.0727268,1.2733529,0.70964671
-2.9929736,1.776263,1.5067539
-1.4499184,1.2907762,1.9913804
-2.2947958,1.5902075,1.2129208
-2.5193825,1.5695355,0.60796194
1.1220598,0.41579774,0.85990333
1.1680722,0.50249854,0.83508386
0.61077792,0.63227644,0.78288214
-1.6265947,1.336702,0.78953363
-1.3288491,1.3342113,0.53474543
-1.7855408,1.4756162,0.79529921
1.1054835,0.47169874,0.67294316
1.3294373,0.74899721,0.79056557
1.2833736,0.71014781,0.77387764
-4.0903581,2.2406811,1.1794216
-2.7206595,1.5408903,1.9312579
-3.5567182,1.9922887,2.303634
-1.6291966,1.4937879,0.42662578
-1.6291966,1.4937879,0.42662578
-1.8017241,1.297111,0.39950462
-1.310862,1.4136017,0.47089825
-2.299058,1.4540812,0.54882801
-1.7227885,1.5335816,0.46503933
-0.44917931,1.0551425,0.583886
-0.73149488,1.0849746,0.57456377
-0.58814463,1.0931852,0.59259032
-0.83001001,1.1098979,0.54216524
0.14502322,0.90038674,0.59846898
0.68719899,0.75018467,0.56090723
-0.32912377,0.82275717,0.5945979
0.37083439,0.79389125,1.2361554
0.89221711,0.83636246,1.2775035
1.1593338,0.76806982,1.3286792
-0.65314183,1.3064683,1.1396176
-0.70195121,1.3391791,1.2092106
-1.5071098,1.0989424,1.5543683
1.1774459,0.75340159,0.77752724
0.83201526,0.82212823,0.76455181
1.7424825,0.38928263,1.0792266
1.2086357,0.69536796,0.61745957
1.8816349,0.3158623,1.2928604
0.38637327,0.75168509,0.77929494
-0.044409262,0.9768408,0.4836127
-0.0057113535,0.90959249,0.75446726
-0.23270283,1.007423,1.0026569
-1.0755186,1.2477346,0.53980561
-2.3243,1.6508564,1.8333103
-4.1744152,2.0015676,1.4864801
-1.6775212,1.3431175,0.79708064
-0.72070072,0.87822917,1.1608584
-0.73277681,0.90704831,1.1602489
0.80309894,0.88144396,1.1196101
0.45550287,0.97873225,0.99052753
0.27490057,0.77687818,0.98790918
-1.0666437,1.2180499,0.78986216
-2.6701137,1.5392721,1.0502381
3.2398832,0.37117804,1.3309194
1.2275009,0.083758998,2.1216198
-0.48331421,1.0965097,0.53888786
1.5571989,0.56225402,0.98269767
1.4738667,0.4316891,1.0996117
0.76763922,0.8513747,1.1534175
-1.1913929,1.3572725,1.162082
-2.3297816,1.7497479,0.83258336
-3.5314458,1.9050805,1.2939627
-1.296969,1.2712083,0.66314048
-1.4627009,1.3171952,0.75502781
-1.7313108,1.4330826,0.54279571
-1.3205042,1.3184799,0.79252542
-1.9135907,1.3165135,0.7387801
-1.6821248,1.4904627,1.2328276
-2.8038155,1.6175635,0.62010699
0.19585542,0.77317265,0.97955752
0.14078233,0.74943986,1.0575569
0.012903453,0.89113364,0.58388417
0.67254638,0.71317736,0.50962617
-0.69112446,1.2060689,1.3814281
-2.3375673,1.4708225,1.9138942
-2.2881423,1.4276707,2.2030238
-2.223202,1.4576198,1.8694473
-2.57471,1.4087775,1.9107211
0.25758901,0.92131598,0.43442655
0.25758901,0.92131598,0.43442655
0.25758901,0.92131598,0.43442655
-0.22012035,0.90256989,1.1458274
-0.92051486,1.2520805,0.55021924
-2.8215575,1.6039348,0.97388919
-1.8406725,1.7091928,0.95505829
4.0955609,-0.15765254,1.1089183
6.3549588,-0.88717162,2.4544242
3.5331809,-0.077945132,1.4297528
4.684604,-0.40503771,1.1656065
5.1574301,-0.3683362,1.0961693
1.676042,0.62490631,1.2538165
2.0448925,0.65483179,1.0934359
1.430591,0.47383706,1.0500414
-1.3215635,1.2361879,1.6091017
-1.1701668,1.5181472,1.5891479
-0.9241351,0.93970165,1.6833172
-1.2725329,0.99074307,1.3103894
0.13163659,1.1793461,0.97066102
-0.082269083,1.4254499,1.5141706
-1.5487409,1.3194397,1.5469731
1.9240196,0.42058838,0.56599441
1.1500579,0.66541026,1.5472743
1.1659836,0.28670615,1.7161547
1.2876228,0.73283696,2.0390794
1.717862,0.25886523,1.7024897
1.3962966,0.53575005,2.146385
1.9762813,0.79305708,1.9627544
1.0401171,0.59783989,1.6055458
-0.93539566,1.069886,0.56512094
-0.82437168,1.2622636,0.64332153
-2.4993351,1.5993803,0.84330709
-2.5761048,1.6463256,0.62240635
0.49281776,1.0281313,0.99352387
-0.028344895,0.77961239,0.99458549
0.60662867,0.63191592,1.1648221
-0.48506152,1.135429,1.2967954
-0.70487201,1.1642252,0.72236278
-0.68337232,1.1098649,0.7346316
-0.56406427,1.0248153,0.41917839
-1.2520154,1.3081878,0.4351534
-1.2520154,1.3081878,0.4351534
-1.4767607,1.4036763,0.43057894
-1.4053336,1.326287,0.44682313
-1.1445541,1.3187373,0.4518395
-0.26910104,0.99847245,0.5080795
-0.26910104,0.99847245,0.5080795
0.59741509,0.75378077,0.57850602
0.42816183,0.66949399,0.56075609
-3.0870236,1.6485041,1.288757
-3.1628275,1.5704792,1.2697691
-3.1764374,1.8505233,0.96283945
-3.6669224,2.0237573,0.58679568
-0.43712603,0.91584582,0.88337677
-0.44131758,0.72534599,0.98673513
-0.37132712,1.2388022,0.97718864
-1.7263501,1.1743328,1.3275286
-1.4255526,1.6780099,1.3519195
-1.3315506,1.3081819,1.1445057
-1.3268855,1.2668492,1.11763
-2.1024742,1.5984079,0.68926803
-2.1033118,1.6408137,0.66069818
-1.4974765,1.4753668,0.66552563
1.5924368,0.34762556,0.80064502
1.6717079,0.60110969,1.0216437
1.7564907,0.59957409,1.0136018
-2.7955352,1.8477039,0.52490011
7.367893,-0.92801286,2.0282964
6.4494708,-0.74264312,1.7123465
4.9199094,-0.96905431,2.9558795
0.1315747,0.99414934,0.56978649
-0.72458209,1.0508896,0.62336968
-1.5017642,1.2696948,0.66177322
-2.426976,1.6849628,0.64704342
-2.3923465,1.6953233,0.90609956
-2.012416,1.7629951,0.93051564
-1.9337859,1.8017951,1.1608735
-1.2397225,1.3746522,0.73972802
-1.3171583,1.3377665,0.92353881
-1.9129783,1.4254261,1.3214609
-1.1420329,1.5051575,1.4571558
-1.8094696,1.3820439,1.3785125
-1.6895715,1.4098788,1.5140994
-0.46560994,1.1757338,1.3866156
-3.7696627,1.7680868,1.9707053
-0.70140263,1.023391,0.91657839
-0.69377899,1.0077973,0.47880637
0.15469667,0.75854989,0.8038069
1.4200876,0.6419314,0.77841816
0.25352213,0.78023775,0.65803305
0.77493987,0.83833434,0.61590375
0.31951799,0.77112656,0.63470135
0.31951799,0.77112656,0.63470135
1.0338986,0.75833444,0.57992279
0.75810278,0.78269742,0.50028442
-0.78083137,1.0421947,0.72798134
-1.0811266,0.9203885,0.77819309
-0.13932061,0.68690938,0.89300474
-2.0921718,1.6914088,0.7429477
-2.289965,1.5762204,0.73984585
-1.3831651,1.2660718,0.72956445
-1.5794134,1.3117931,0.98904017
-0.10350226,0.74951478,0.78105459
0.70350478,0.86879962,1.3979789
-0.24538947,0.91596038,1.1035328
-1.2131098,1.2014495,0.51260458
-1.2131098,1.2014495,0.51260458
-1.7328245,1.4707547,0.56313771
-0.66258447,1.1590796,1.2037681
-1.5889831,1.1415475,1.7593243
-0.65696103,1.5360975,1.4690735
-2.6628201,1.3513407,1.8317498
1.1233058,0.4880737,0.81333022
1.5880291,0.55353245,0.58077124
1.0955628,0.54361161,0.59402259
1.0955628,0.54361161,0.59402259
1.5986511,0.53907905,0.89372553
0.25184907,0.76551583,0.86804607
-1.962894,1.3934286,0.68121661
0.9007929,0.65349343,0.98652463
0.80987433,0.83385539,0.74615367
2.1701077,0.18267094,0.99622168
2.0765663,0.42408723,1.0672443
-0.73334045,1.1761462,0.69259341
-0.2501188,1.0477094,0.79791005
-0.50567154,0.98498749,0.73123608
-0.21458088,1.0406267,0.74665438
-0.71860637,1.0574478,1.0110365
-1.3998458,1.1103995,1.254679
-1.2164702,1.1207318,1.1619306
-0.74885708,0.93836005,1.5380312
-1.6084231,0.82955659,1.4619573
-0.56933603,0.95462571,1.2622042
-0.62280881,1.1168259,1.6096563
-1.0709336,1.284884,1.2924179
-6.6008351,2.8254277,1.0351792
-2.8186519,1.8323504,1.2989991
-3.2633824,1.7950589,1.2399256
-5.6946544,2.4929864,1.0388338
-4.8686069,2.3061158,1.0351485
-0.58722473,1.0973318,0.99582784
-2.0466222,1.4770078,0.90164073
-1.731913,1.3774138,0.54701272
0.88866123,0.67050793,0.54861003
-0.85037184,1.232375,0.53256409
-0.7641315,1.2336355,0.86742984
-1.28972,1.1208661,0.6314706
-0.05806731,1.0870036,0.49501927
-0.83013268,1.4513324,0.77341555
-2.2575609,1.4952298,0.97953716
0.64206259,0.73434908,0.99066848
-1.4031327,1.2313532,0.70642611
-1.0386686,1.1731621,0.55490788
-0.92921171,1.1975348,0.73061013
0.73198932,0.87331222,0.62147099
0.30957202,0.80625485,0.51527843
0.30957202,0.80625485,0.51527843
-1.1746495,1.2533393,0.85245448
-1.3293441,1.3259125,0.80500983
-1.0748288,1.3774467,0.7932848
-3.1412691,1.8507093,0.52765219
0.17128717,0.93389004,2.2990116
0.30912183,1.1103947,1.6633719
-0.93569168,0.9496047,1.08961
-0.32410722,0.7922561,0.74190368
0.11981718,1.1475363,0.9928625
0.0085155806,1.0553798,0.82458132
-0.92401727,1.2692071,0.44078879
-0.88387872,1.1565227,0.47281049
-0.86053079,1.0984088,0.61371128
-1.0535566,1.2533548,0.64483442
-1.9133457,1.3209315,1.3318836
1.9175374,0.32365541,0.63866301
2.311129,0.27524483,1.2954654
1.5838139,0.43215584,0.58746448
0.49774695,0.47223838,1.7772439
2.0591528,0.70652771,2.2383894
1.4038387,0.61695355,2.0545679
2.2117066,0.36099388,0.74252272
-0.18534675,0.89466889,0.59251927
-0.18534675,0.89466889,0.59251927
-0.87989606,1.1661952,0.45707458
-1.0874426,1.1194071,0.46438778
-1.0874426,1.1194071,0.46438778
-0.85476696,1.1539245,0.47187185
-0.85476696,1.1539245,0.47187185
0.19478552,0.85729696,0.61573633
-1.8591321,1.4600213,0.54992376
-1.726779,1.3877451,0.67846133
0.11810049,0.87431035,0.52709314
-1.1965023,1.3434829,1.3309549
-4.4629607,1.8507914,1.67445
-4.2542216,2.2896788,1.5559356
-3.9883757,1.9079048,1.4424737
-2.8551189,1.8242716,1.1906471
-3.2196425,1.8946964,1.3624618
-1.6292858,1.3734172,0.56272589
-2.1608339,1.5972494,0.67284688
1.5400414,0.32144611,0.98774064
-1.3152357,1.1686243,0.56504095
1.3632704,0.24782982,1.6234932
3.7611168,0.094125329,1.2963277
2.1241655,0.36422994,0.86759581
-2.1802056,1.4878651,0.47488147
-1.404634,1.423834,1.0920927
0.19569629,1.117703,1.1402216
-0.74495654,0.90657662,1.0568287
-0.1748603,1.0262717,0.91072096
0.0089941707,0.96568813,0.55529098
0.52281559,0.82574221,1.0950137
0.56568615,0.78045551,1.1193105
-1.1158124,1.2322335,0.92034453
-1.0646911,1.1257973,1.0102536
-2.1596237,1.4221818,1.2091979
-2.1092109,1.3504056,1.0402556
-1.6941872,1.3666605,1.0550177
-1.4645041,1.4915079,1.1047384
-2.4178246,1.6316373,1.0418016
-2.2288857,1.5137507,1.0029582
-1.9045446,1.5587132,0.7817052
4.20211,0.12208815,1.5318785
1.4802258,-0.12320549,1.6711758
1.259212,-0.15966388,1.7849522
3.267199,0.26677196,2.7526992
3.114458,0.33817966,2.7069845
2.4660857,0.070089742,2.2407281
2.4779224,0.13352825,2.3378614
2.6423753,0.88455314,2.4507792
2.6379264,0.84302332,2.415507
0.34585535,0.68066572,2.2002594
0.71542424,0.4715738,2.0516592
0.65548572,0.79291206,1.7572206
2.5225455,0.2293269,0.95412775
1.1408965,0.61317557,0.66387616
-0.7640242,1.1382323,0.55908639
-0.49585204,1.1321642,0.63462474
-0.48904191,1.090353,0.77770892
-0.84348733,1.1679933,1.4064935
-3.2252042,1.8392422,1.4903082
3.1291426,0.11877492,1.0093007
0.61758459,0.84398891,1.2091421
0.6618796,0.6264435,1.5689741
-0.39529013,1.0067358,1.3434128
-1.4982064,1.461922,1.2592026
-1.2053883,1.710991,1.0587787
-1.6330563,1.0075223,0.82833705
-0.75464945,1.4431818,1.1065895
-1.3691855,0.98241213,1.7152028
0.4101226,1.1227524,0.94138639
-1.1339859,1.0434647,0.90454139
-1.0559138,1.2520127,0.63096487
0.69517322,0.98919673,0.98147311
-0.16235901,0.82102919,0.90333513
-2.0675182,1.6291646,0.76637493
-0.71221793,1.1348095,0.58195244
-0.16531661,0.92626904,0.66595426
-1.4639218,1.3970987,0.45509088
-1.4639218,1.3970987,0.45509088
-0.44689986,1.0090743,0.73451345
-0.66185216,1.0635097,0.69362787
-0.64127153,1.1126114,0.54166397
0.50916712,0.94695611,0.50711486
0.38834225,0.82478265,0.72748194
-1.9608137,1.4287514,0.86878062
-2.1041246,1.5484208,0.60182586
-1.5931328,1.3255435,0.87842551
-0.68552734,1.1507674,0.59661646
-0.58858108,1.0804689,0.87532105
-0.43786533,0.96165949,0.7035873
0.082614843,1.0323836,0.76479894
-1.2098607,1.1889346,0.81965709
0.63891118,0.78561653,0.57703256
0.67194339,0.85497877,0.6846636
0.65164351,0.98600843,1.031152
-2.1935335,1.3547475,0.71558767
-3.0572007,1.7402205,0.83136552
-2.9179973,1.6985081,0.82177684
-2.9936632,1.7397895,0.76154119
0.22507008,0.85232706,1.7222376
0.44709425,0.92480505,1.7470107
0.12614244,0.76653291,1.2786822
0.59379861,0.64109127,0.72795698
-0.8020694,1.0997847,0.6421912
-0.85222457,1.0309541,0.61381935
-1.1387007,1.2979358,0.51099677
-1.1387007,1.2979358,0.51099677
-0.052289032,0.86559063,1.0603819
1.4703954,0.51175035,0.98619397
0.47064004,0.77025506,1.9363992
0.65971476,0.71617664,0.90620982
-1.1768663,1.3101327,0.72346057
0.313759,0.5558566,1.3832815
-0.93929348,1.0536963,0.5901422
-1.49458,1.4344571,0.79304833
-1.8903042,1.2375499,0.79487057
-1.1289245,1.0733455,0.76507686
-0.79793585,1.2689451,0.71743588
-0.63322933,1.3405486,0.67807661
0.13279352,0.820855,1.6050355
-0.46058476,0.933089,1.1967545
-0.68956657,1.0924103,0.81610783
1.2205751,0.55877314,0.62629823
3.5390525,-0.0090786122,1.2721729
3.0782923,0.12561401,1.0261985
-1.0885771,1.2947066,0.7140978
-1.4828566,1.4580633,1.1495638
-1.4038563,1.5814366,1.2111209
3.5838192,0.21290538,1.2731396
-2.4633116,1.837575,0.90446517
0.2387483,0.74773154,0.81322994
-1.5085125,1.2741619,0.9688975
0.47168901,0.89156264,1.1032925
0.16084661,0.99771741,0.62473874
0.16084661,0.99771741,0.62473874
2.2534459,0.30963905,0.66485151
2.1432378,0.32267021,0.65567783
2.4674521,0.12222617,0.63419209
-3.4353724,1.6608193,1.3461425
-3.160595,1.9094502,0.81463479
6.0844753,-0.58098439,1.7622257
5.4595106,-0.79976644,1.2423962
4.0268413,-0.67784307,2.2141209
5.0177939,-0.35618137,1.4019927
4.8159187,-0.26077377,1.370039
4.6620889,-0.49059844,1.0222408
5.1327652,-0.44537316,1.127771
5.0465297,-0.66572875,1.4581234
6.0692092,-0.51196374,1.7916952
3.444712,0.05647992,1.044877
-1.4752081,1.0724597,1.002645
-0.42191044,1.2182327,1.5223713
-1.0830995,1.0266743,1.4163126
4.6986587,-0.12754848,2.2780403
3.9368535,-0.50829852,2.1773064
4.3793727,-0.0069800738,1.9386386
4.5668084,-0.2901598,1.6391829
-0.29756635,1.0283937,0.82152866
-0.20322125,0.86897831,0.39845053
-0.53819283,0.98682456,0.45072873
0.0095042849,0.9935394,0.39918996
-0.064809883,0.87185448,0.45177897
-0.064809883,0.87185448,0.45177897
-2.0379212,1.4813108,0.58876499
0.47848898,0.7517283,0.86504545
-1.006945,1.1623322,0.68538275
-1.3802416,1.3568222,0.67623128
-1.7242146,1.4285816,0.67920731
0.63449587,0.57001736,0.99634696
-1.759647,1.2516028,0.75874056
-1.5660278,1.4663863,0.81368577
-0.56909192,0.96447556,0.92630833
0.10612461,1.0408679,0.65455022
-1.9500869,1.3984526,0.69880357
0.74858905,0.63840306,0.61677234
1.3300649,0.56744353,0.43827852
1.8334468,0.52449293,1.3863618
2.9464574,0.085333717,1.5500387
3.0605108,0.062906105,1.38395
2.4128233,0.10078436,1.1993729
3.1267633,0.33772067,1.2133397
2.5365042,0.16052075,1.1336469
2.5964984,0.15932327,1.1722957
3.3272974,-0.055786337,1.2982701
1.8781331,0.45117231,0.75750382
1.5760874,0.31616135,0.7260106
1.7480191,0.47750396,0.60708129
-1.5820831,1.3160274,0.70866993
-0.77071806,1.0718321,0.63052797
-0.36522842,1.1274426,0.68627072
-0.51360727,0.96181906,0.53778372
-0.51360727,0.96181906,0.53778372
0.42861856,0.77159874,1.0509255
1.2228918,0.69811806,0.61100931
1.5826224,0.56234591,0.49732421
1.1212329,0.58540455,0.64182437
1.1799073,0.44220923,0.67151888
-1.2364202,1.1962785,1.0081305
1.3296101,0.47887183,0.72862007
-0.76118043,1.1046934,0.60588427
0.19582097,0.87510376,0.60629451
-0.08966392,0.93347479,0.63759345
-0.30779727,0.93962652,0.71255871
-0.79517474,1.2561703,0.75329112
-0.8432294,1.1610469,0.96494102
-0.73882368,1.1605513,1.0721847
-1.2403494,1.200427,0.66028676
-1.6391415,1.3883857,0.67530019
-2.7087475,1.6674132,0.86156893
-1.7321405,1.3616038,0.64172386
-2.3383945,1.3879321,0.73024618
-4.2411279,2.1500946,1.8006795
-5.0713983,2.2447598,1.2914974
-4.7939774,2.2006614,1.3772997
-0.69277083,1.2029534,0.72317565
-3.514723,2.0307345,1.1457122
-4.385709,2.0087712,1.1415453
-4.2123277,2.0450018,1.1089682
2.5465205,0.28078189,1.4587946
1.478654,0.33277558,1.4311405
3.95655,-0.06122059,0.8955978
-1.4627493,1.3541624,0.96987602
-1.0943542,1.4167639,0.96588694
-2.6391398,1.7865616,0.99093252
-2.4473505,1.6813511,1.0284912
-2.7665007,1.4387414,1.0559674
-2.3406135,1.4665279,1.1742255
-1.6653749,1.3303267,0.88682083
-1.8914325,1.3570845,0.51537114
-1.5733251,1.4044599,0.47143711
0.52125109,0.8287076,0.73749866
0.40261306,0.75425845,0.54541944
-0.92248552,1.2257948,0.63342506
0.23988071,0.82835268,0.5473499
-0.084600181,0.9646618,0.39183823
0.055179881,0.95520579,0.53360058
0.45688759,0.84392906,0.54881158
-3.0694238,1.583596,1.0958933
-2.8564396,1.6083157,0.82088945
-1.353273,1.3773794,0.87707391
-1.4693267,1.2685623,0.83886421
-1.4734732,1.4244683,0.86373129
-4.5718416,2.0927808,1.1208612
-1.7261171,1.5542511,1.2219902
-2.8091618,1.703283,1.2264654
-3.3345166,1.8961566,1.0714258
0.057578203,0.85160588,0.51332228
0.057578203,0.85160588,0.51332228
-1.9285776,1.3596789,0.85758673
-1.5306494,1.4788187,0.95636396
-1.6567318,1.3305787,0.50645805
-1.6567318,1.3305787,0.50645805
1.0651534,0.6057449,0.58383822
0.2778579,0.98871828,1.1287946
-1.9588009,1.3487111,0.71838402
-2.2293675,1.6190265,0.68961942
0.617501,0.81786874,0.53131696
0.17107415,0.72590097,0.6882723
0.53024324,0.84814121,0.73306149
0.70349304,0.63437183,1.0193904
0.70293049,0.65107253,0.9532645
-0.28622547,0.91497392,0.6612822
-0.10343077,0.90305656,0.69521406
-0.34449927,0.96091959,0.63636057
-0.21683737,0.93320604,0.49425813
0.93276081,0.69714636,1.2458308
0.32343853,0.83182399,1.366442
0.56678958,0.92487531,1.2982169
0.48731285,0.65294104,0.84291977
3.1306983,0.077735369,1.0520102
2.9516192,-0.090861484,1.0276036
2.7246565,-0.06174009,1.4825937
4.1266157,-0.12077524,1.0665547
3.1770188,0.087261403,1.1157787
0.5026191,0.72156617,1.1923714
1.3615407,0.57006823,0.68752483
-1.9069639,1.5162043,0.46982077
-2.7158553,1.5337753,0.42865788
-1.9631614,1.5176873,1.0564944
0.80210325,0.8476073,1.0218409
-0.6712499,1.1141164,0.57462128
-2.3943987,1.5413524,1.113611
-1.9731009,1.5808255,0.66949477
-0.016432714,0.97081966,0.73048721
-0.41214651,1.0973737,0.68519263
-0.64281462,1.0359907,0.54515093
-0.72759366,1.1869763,0.61826568
1.4027168,0.52906953,1.0106229
4.8831839,-0.44905387,1.4435258
5.0199346,-0.46457933,1.3868038
1.9025975,0.41654163,1.1701045
1.9026691,0.3401324,1.5740137
-0.15451589,1.0118216,0.67177408
-0.61224355,1.1054354,0.56805277
-0.70738463,1.1381564,0.56084305
1.0020051,0.55577555,0.57820002
1.0619628,0.85933619,0.82765631
1.4195448,0.89626034,0.80753252
-3.2073246,2.0783655,1.581855
-5.5909174,2.1887249,2.15097
0.42677758,0.95591543,0.60872518
-2.0025342,1.312853,1.081813
-0.15696358,1.3298787,1.5913214
-0.78595676,1.2542518,1.7090156
-3.9001686,2.0207639,1.5283351
-4.1781893,2.1621839,1.7466882
-3.5415434,1.964933,1.9737606
-5.2071164,2.1525075,0.97978991
0.50425083,0.86077366,1.0291795
-0.1118016,0.97224775,0.56440674
-1.9592053,1.3832701,0.96412577
-1.135991,1.0916823,1.1027925
-1.2433961,1.2667826,0.46078324
-1.2433961,1.2667826,0.46078324
-0.45328965,0.93456337,0.7067725
-0.18302741,0.97349809,0.76482765
0.095072889,0.99595636,0.80002059
-0.62867122,0.94713797,1.2591647
-1.9364256,1.4729292,0.84615999
-1.0129061,1.1976087,0.77416792
1.0541016,0.85665592,1.6049842
0.94883326,0.75870678,1.479026
-1.7828481,1.2802653,0.64904307
-0.87504355,1.0611619,0.64539139
-1.1399629,1.1515517,0.74655842
-1.382848,1.0704995,0.74559517
0.022707326,0.81788496,0.69799119
-1.8728256,1.3177074,1.1001831
-0.87505906,1.1598596,1.0188279
-2.9361808,1.59879,0.87638579
-1.6333931,1.2137092,0.53989925
-1.9332197,1.3980265,0.48647753
-1.9332197,1.3980265,0.48647753
4.2546631,-0.52478771,1.6986221
0.28656454,0.83788739,0.89886672
0.028689271,0.77670284,1.1192834
0.55573659,0.94832375,1.2825646
-3.2252382,1.8821718,0.8135078
-2.8825061,1.8403043,0.75883267
2.2529161,0.23049653,0.88253887
-1.0316559,1.2766763,0.46422213
-2.8378348,1.4291425,2.0130181
-3.1236854,1.4646233,2.053205
-2.6763971,1.2731909,2.0792364
-2.3660459,1.194689,2.4791847
-2.5487685,2.1208861,2.0350667
-3.5952774,1.3173475,1.3251167
-1.310268,0.99586089,0.94752986
-1.1816253,1.1713597,0.87980388
-0.89997705,1.2532027,0.59472234
-0.84845113,1.2600501,0.60368219
-2.3206712,1.6625915,0.67538291
0.62340372,0.62814272,0.7316384
-0.7703872,1.0281291,0.72626643
-0.81938242,1.0073281,0.71683526
-1.9320008,1.3595675,0.62509965
-2.1705492,1.425604,0.73448216
-1.1741895,1.5266754,0.7781909
-2.9206613,1.4170248,1.2056584
-0.53176707,1.3278227,0.96715501
-1.9422748,1.274372,0.64490967
-0.53089555,0.90476978,0.71356082
0.3326777,1.0075961,0.70323856
-0.16438525,0.76829571,0.72091315
0.2125466,0.81150767,0.48960009
0.2125466,0.81150767,0.48960009
-0.31713429,1.0837054,0.66259185
-0.33263213,1.048876,0.69280715
0.012395566,0.99195095,0.6484518
-1.3380016,1.0534622,0.58514412
0.74814439,0.86128054,0.63420636
0.65342436,0.82388845,0.64480368
0.34907459,0.90771744,0.67726297
1.3841557,0.40962832,0.72167949
0.85078793,0.53314218,0.5428029
-0.31434264,0.80041036,0.66544404
-0.043777341,0.96001773,0.56731715
0.33411023,0.94978254,0.6519314
1.3713171,0.46654157,0.55605444
1.5039961,0.40475554,0.52027249
1.6484969,0.44717667,0.5886799
1.4789763,0.52447472,0.81082312
-4.2407431,2.1145921,0.58227944
-3.3230153,1.8576043,0.8651841
-3.7295851,2.0006626,0.77075482
-0.79565407,1.1016192,0.66977782
-1.9584218,1.4731402,0.76984372
-0.60451202,1.0690708,0.53746971
0.49172732,0.80894462,0.53863329
-0.94816725,1.2198374,1.0465097
-0.87959245,1.1189933,0.7543047
-0.81144432,1.1548306,0.88502863
-0.32097432,1.0069012,0.7986811
0.21496603,0.851814,1.0094821
0.62887644,0.54511397,2.4672683
3.0295897,-0.15294839,1.2149301
3.6898044,-0.16707325,1.3315061
-1.9863087,1.5348463,0.49246834
-1.2715513,1.1934583,0.54717065
-2.321141,1.3939763,0.79423212
-2.141191,1.4557636,0.80308946
-1.8788651,1.384749,0.74307954
-0.49734488,1.110424,0.65880363
-0.70763419,1.0638722,0.71161956
-0.95315999,1.2090847,0.98903841
0.30871406,0.83709132,0.8699666
-1.6662658,1.469698,0.7437676
-2.3783368,1.2873873,0.96709502
-1.8211586,1.551974,1.183174
-3.2872374,1.7832369,0.68785077
-1.9044559,1.477169,0.41917444
-1.7638986,1.3571964,0.46892436
-1.7638986,1.3571964,0.46892436
-1.7638986,1.3571964,0.46892436
-1.6618152,1.3533163,0.45141187
-1.6618152,1.3533163,0.45141187
-0.72507014,1.3145772,0.54704397
1.7971034,0.51214455,0.85236694
1.237794,0.44061595,1.5180112
1.3903786,0.50041182,1.7715714
0.44815251,0.62337599,2.7181233
0.51424046,0.33404539,2.9348531
1.5221057,0.97436345,1.2462467
1.8204089,0.98300248,1.2524203
-0.30673918,0.76325027,1.8656582
3.5582372,-0.35030682,1.3295953
0.51781791,0.67976118,1.648693
1.0411193,0.55920867,0.6373298
2.4064395,0.2865644,1.1037409
2.1693938,0.54723764,1.2252206
0.49107813,0.51722968,1.2444811
-2.6692624,1.7428991,1.3884302
-0.16748678,0.93714166,0.52514809
-0.58249705,0.98122705,0.44982261
-0.58249705,0.98122705,0.44982261
-0.50570062,0.9199475,0.51746805
0.5257959,0.75545459,0.80561089
0.037301704,0.83967922,0.76303841
0.97298295,0.54772282,0.81187393
0.41004409,0.85572002,1.1243909
-0.24972704,0.74047171,1.6855181
-0.47805751,1.3590014,1.4015088
-0.96162463,1.2152995,0.8648933
0.15813946,1.0407325,0.652211
-1.0446714,0.9537301,0.65260423
-0.75300404,1.0435255,0.67231327
-0.43174008,0.91610646,1.227837
1.0340775,0.87663207,1.2564117
-2.4563341,1.3962908,1.73151
-2.2938937,1.8838035,1.5850017
-3.1904119,1.8165031,1.9445445
-1.1603022,1.2636142,0.49560685
-1.1603022,1.2636142,0.49560685
-1.1603022,1.2636142,0.49560685
-0.20187076,1.0067294,0.63972778
1.2155258,0.70721827,0.76569922
-0.37540232,0.98742033,0.68516513
-1.8590824,1.3958149,0.48856703
-1.5458532,1.3672929,0.61201703
-2.0644567,1.5315802,0.45397007
-2.113808,1.4537394,0.39645747
-1.8622065,1.409349,0.55377032
0.15691884,0.8191652,0.73712323
-1.4272925,1.3456539,0.58540157
-2.0373105,1.4689527,0.65731302
1.1385155,0.57142364,0.53110869
0.69083201,0.73808618,0.49991939
0.69083201,0.73808618,0.49991939
-0.5474464,1.0371145,0.51828173
1.5588482,0.35566797,1.3743206
2.1205962,0.54307075,1.5112392
-0.49694026,1.2233372,0.65344985
-1.1439411,1.1106113,0.56663842
-2.3404019,1.5080565,0.9449638
-0.29148629,0.9145881,0.86937571
-1.0169852,1.103894,0.67105028
-0.73681698,1.1916616,0.8055426
-0.29967061,0.9284153,0.86587186
1.3742829,0.51971662,0.51609997
-3.8636118,1.9852136,0.86085088
-3.9404638,2.1371261,0.86824948
-4.2631994,2.0766462,0.8617538
-4.5366858,2.1895788,1.3556026
-5.6408037,2.5155365,1.4714717
-6.0152476,2.4616312,1.488343
-6.2998787,2.3568543,1.5014383
-4.7879533,2.6896734,2.7330249
-6.1199159,2.4459551,1.4797437
-0.056087045,1.0545823,0.66040752
1.1003881,0.7380509,0.83967516
2.0261965,0.23041344,0.79422467
1.823904,0.47501193,0.64314087
-2.4480454,1.61701,1.4667298
0.9104891,0.50321209,0.72170614
0.9104891,0.50321209,0.72170614
1.2607658,0.66710939,0.77165317
0.85535623,0.58738171,1.0829446
1.2487519,0.60257893,0.92301467
2.0948673,0.37560347,0.66618809
2.8540682,0.095482208,1.0079819
2.935172,0.03138665,0.98229775
3.816104,-0.24564534,1.0973378
3.467875,-0.13696015,0.93267883
3.9558979,-0.2521642,1.0728494
4.5162394,-0.30162461,1.3632191
1.9160781,0.37185268,1.489229
1.5897944,0.18378452,1.5836562
1.6943349,0.060322775,1.2844088
3.0631506,0.55525548,1.8109856
1.0682886,0.42586201,1.4426043
0.021092677,0.60103951,2.0560417
-1.1136838,1.5251806,1.9294149
-1.033782,1.6855206,1.9195126
0.09437074,0.81336157,4.2251922
-1.1985947,0.91258137,2.3503622
2.2464944,-0.23915916,1.2613336
2.0540992,-0.2910977,1.241184
2.6712274,-0.1600541,1.4198733
3.1006789,0.33050791,1.3000761
0.5212425,0.45654476,2.2151983
0.066160699,0.59525387,2.1413735
0.39261272,0.92426505,2.1521492
-1.3136756,1.2142934,1.6215182
2.0095887,0.49384831,1.3134215
1.2550758,0.63328585,1.4314173
1.5824821,0.35815911,1.5287395
0.15018876,0.85984473,1.1352203
-1.321511,1.3279455,1.5402628
-0.35326791,0.82572005,1.0364668
-0.77452741,1.3748375,1.0518376
-1.3096057,1.0429495,0.84855724
-0.27266778,1.291037,1.1490237
5.4065729,-0.32635771,1.1744047
-5.2109159,2.2340278,1.4764282
-5.1193858,2.3026164,1.7614108
-1.0173678,1.1898618,0.85714634
-0.64699118,1.3241712,0.72870205
-1.1900943,1.1423972,0.7523082
-0.03828446,1.0215671,0.66604974
-0.37646066,1.0563535,0.55636941
1.7098427,0.39476085,1.0539037
3.7043935,-0.055461698,1.2226743
3.6906036,-0.14374685,0.92955909
-1.174304,1.2469083,0.49739672
-0.9844074,1.2677257,0.56710803
-3.080396,1.7707848,1.0007774
-3.7154429,1.6702833,1.0078877
-1.865368,1.6500565,1.0931724
-1.6632286,1.6692809,1.2307298
-0.77203173,1.1340029,0.50105428
-1.4586385,1.2978008,0.55443901
0.51363218,0.82210491,0.6629085
-0.30645736,1.0128116,0.68864721
0.17414748,0.8597408,0.58838277
-0.49733196,1.0579595,0.67231783
-0.90831424,1.1696002,0.68675808
-1.5562614,1.4133005,0.77810452
-1.488358,1.4707098,0.70645413
-0.64386391,1.0749191,0.4808207
-0.81319836,1.1680964,0.50011761
-0.81319836,1.1680964,0.50011761
-0.16295615,0.80330733,0.85822198
5.0362886,-0.73850166,1.9123254
7.6647816,-1.1682829,1.6876317
6.7675146,-0.95738852,1.7776923
4.8672279,-0.59302325,1.6404782
4.6795476,-0.18661248,1.1787644
3.349246,-0.19180142,1.4326363
3.440843,0.16024787,1.676695
4.1077467,0.17533036,1.931997
2.8544205,-0.10252489,2.0107582
2.2222606,0.16492613,1.5628295
2.0088586,0.11500637,1.455609
2.0929122,0.21951186,1.3931906
2.1252314,0.29100784,0.88918084
1.3301146,0.53338464,0.60117837
-0.93243524,1.1568388,0.62812412
-0.29723457,1.1707726,0.498822
-0.49002985,1.1233199,0.51134254
-0.49002985,1.1233199,0.51134254
-0.49002985,1.1233199,0.51134254
-1.5163587,1.370721,0.70780147
-1.2755147,1.276867,0.59904201
-3.1224043,1.7771807,0.7354852
-3.2183715,1.7709342,1.3510114
-2.802061,1.716692,1.6822865
-3.2374453,1.6023953,1.535928
-3.7703577,1.573493,1.5465078
-3.3406658,1.9665258,2.8644888
-2.2209564,1.7608137,2.3112406
-4.9970358,2.2304765,1.252665
-0.48537951,1.5158686,2.0487178
-0.97719984,0.95892672,1.0128937
0.21513948,0.71325602,1.1766564
0.80865464,0.87269208,1.2016652
3.2963471,-0.098994264,1.0720558
1.0550903,0.89310125,1.9727316
-0.66217631,0.91459243,1.0776085
1.5074844,0.40385787,0.84190253
-0.54545011,0.9274707,0.76109548
-3.3574097,2.047825,1.1412356
-4.8478008,2.0968632,1.0839729
-4.6278776,2.103824,1.1175765
-5.7726459,2.6578773,2.0643348
0.76192216,0.63357788,0.68415073
-4.7696888,2.2113818,1.0259632
2.2607409,0.13199936,0.77291443
1.2815567,0.38102595,0.78835112
1.7542404,0.59937777,0.86214947
-0.83737072,1.0000982,0.60846245
-1.743031,1.514344,0.46591132
-1.743031,1.514344,0.46591132
-1.9700945,1.4126065,0.47332646
-1.9700945,1.4126065,0.47332646
-1.9700945,1.4126065,0.47332646
-1.9700945,1.4126065,0.47332646
-1.4319636,1.4268596,0.41873953
-1.4319636,1.4268596,0.41873953
-1.4319636,1.4268596,0.41873953
-1.5721419,1.4906422,0.50206752
-1.6156491,1.5293028,0.9174443
-1.6748626,1.3663937,0.8362703
-1.6740128,1.4106879,0.87382989
3.6882102,-0.02139202,0.97271978
1.4346149,0.42586989,0.83649074
1.6781857,0.23011449,0.77109636
-0.16761031,1.0491799,0.51937546
-0.11598182,1.1099814,0.52239586
-1.9743303,1.3794956,0.58972151
-1.9743303,1.3794956,0.58972151
-1.3000618,1.4022553,1.007516
-2.4779382,1.7375518,2.0164491
-2.3078423,1.8344224,1.7777765
-3.2355565,2.1008853,2.0346662
-3.5474406,1.8981589,1.9640642
-3.2018737,1.9927504,1.4243314
-2.9957693,1.8568852,0.75530399
-3.85439,1.8943684,0.89103607
-3.4180414,2.0031401,0.8719992
-1.7798336,1.4342943,0.7158416
-1.1134223,1.3428221,0.62029183
-1.2922556,1.3205754,0.62125122
-1.7411569,1.3594798,0.74115721
0.30510061,0.98410927,1.0095301
0.78232077,0.60304971,0.67365677
0.85533785,0.72118677,0.69765194
1.4840463,0.58324521,0.8684306
-3.9414594,2.1051065,0.93711562
-3.6665291,1.9586594,1.114804
-3.016156,1.7489548,1.0084058
-5.0481716,2.0341368,1.3051944
-4.8832611,2.0316293,1.3332938
-2.8299283,1.7276567,1.2407323
-5.6325753,2.4872182,1.5935615
-5.0880336,2.4466389,1.7727761
-4.3405507,2.0134743,0.81284237
-2.0480145,1.6574208,1.2947684
-3.4295779,1.8289457,1.1365345
-5.2319283,2.2860243,1.3229778
-3.98367,2.2818231,1.5708973
-3.727952,2.3675568,1.5306632
-3.9797678,1.8499436,1.0686669
0.54295147,0.65325196,0.61893579
0.7690672,0.65197085,0.69646001
-1.0554106,1.3506745,0.62714396
-1.4253133,1.3156239,0.71815182
-0.63524489,1.0275192,0.57906078
-0.63998023,1.0754969,0.71094499
-0.29144673,1.2093359,0.74341628
-0.9229277,0.98473489,0.82313894
-0.16053982,1.1574206,1.0522469
-0.66036652,0.95306902,1.0411657
-0.16829025,1.0153661,0.89001804
-0.4450774,1.0183755,0.77254877
-0.64532163,1.104372,0.60133991
-0.64532163,1.104372,0.60133991
-0.93197837,1.1220795,0.53811253
-1.4105558,1.2498124,0.7366047
-1.5224507,1.1926066,0.55018031
-0.86055202,1.2785281,0.66797503
-1.1586363,1.2970843,0.81851479
0.69561864,0.76091477,0.72207208
-1.9319063,1.3626605,0.70850537
-1.2384278,1.0440721,0.9662686
-0.94574686,1.2064973,1.0990139
-3.4969325,1.6172033,1.6493081
-3.2024366,2.0669078,1.03169
-1.217257,1.045834,2.0322458
1.3105787,0.86477742,2.4953074
-0.18729206,0.52727322,2.772095
3.1645983,0.26722207,1.5497825
1.6577164,0.37142229,1.8519394
1.514603,0.37980553,1.9156201
2.1819872,0.37724732,0.59265215
1.6973297,0.51323161,0.91855385
0.53203325,0.80175974,0.634639
1.064463,0.68469829,0.55797213
1.0320322,0.58093132,0.7250758
-1.87464,1.3705586,0.54894242
-2.196702,1.4673961,0.84893625
-2.1088605,1.4149237,0.88182788
2.5928191,0.10214567,0.66514727
-3.4885087,1.7526657,0.97923093
-3.576683,2.0650935,1.0233619
-3.5109761,1.7257313,0.87616665
-3.778278,1.6020836,0.92183081
-2.7068651,1.6278561,0.9793108
-1.446337,1.3938232,0.45429598
-2.3125331,1.5888443,0.50302018
1.5197605,0.46839144,1.374655
1.4728054,0.48506985,1.3254641
1.2367291,0.29689137,1.2649294
0.44451473,0.44091398,1.2690957
1.0184084,0.5498103,1.4255376
4.9520835,-0.54403889,0.90815271
2.8642026,0.094805332,1.8824298
14.603257,-2.486581,4.8227624
15.469002,-2.6382198,4.0625211
15.495354,-2.807682,3.629332
2.281982,0.13554479,2.1429619
1.2983593,0.59596425,0.44621136
1.7833263,0.61476376,1.4139161
0.69891396,0.58710555,1.2222065
-1.1623937,1.1624956,1.5338349
-0.28722578,1.2031074,1.5409314
-0.5438428,0.68253438,1.8383534
-0.15013253,0.56383012,1.5977522
2.2640943,0.62258712,1.2117606
0.77093976,0.29425809,1.9313498
-2.8971679,1.7179568,0.8018009
0.69419383,0.59893172,0.66571198
0.89340275,0.43931555,0.60553525
1.6529417,0.59100977,0.7639782
0.66769551,0.59826603,0.89642321
1.7440619,0.2838221,0.77940383
-3.4418481,1.7577354,0.8747381
-1.3669718,1.5038784,1.0765987
1.4912982,0.76788592,1.5032654
0.99082373,0.48477489,1.0686518
0.94396068,1.0292179,0.74353415
-0.080084227,0.6723629,0.96861241
-1.4076191,1.0872716,1.0226608
-1.5218175,1.0435681,0.9921847
-1.1005304,1.1883358,1.2259989
-1.5471982,1.3441116,0.42575755
-2.0488578,1.4749634,0.64005287
1.2988,0.57082921,0.6104769
-2.3435654,1.6249813,0.8515202
-0.35274771,1.186072,1.1333125
0.28352988,0.69711042,1.2212082
1.0164733,0.70129491,0.73349269
1.8065609,0.36003976,0.66585134
2.121008,0.21600656,0.60138265
-0.92718627,1.3495606,2.1221962
-0.95333184,1.1018854,2.7071831
-1.1121975,1.6771281,4.6272337
-0.91371607,1.9220591,2.8420826
-3.1017922,2.026311,2.3129894
-4.5681454,2.3664959,1.022214
0.45250714,0.57068336,0.86097968
0.9875743,0.60447447,0.84991678
1.4648801,0.55783373,0.69430164
1.3289997,0.55963813,0.86905155
0.85442896,0.74017092,1.1018933
-0.063058186,0.86465166,0.88129666
1.1528181,0.6781974,0.81410633
-0.79448077,1.1693356,1.0895807
-2.3567428,1.5242677,0.90423119
-2.9358212,1.8221413,1.4653249
-4.0211677,1.9395634,1.0525569
-3.3764878,1.9579215,0.78789356
-1.0569822,1.3661725,0.80493953
-1.1294433,1.3455542,0.8189612
-0.97287261,1.3766505,0.80527324
-1.2190551,1.3359203,0.82560822
-1.673282,1.3032902,0.5408373
1.19286,0.66523448,0.87320987
0.36321215,0.75663664,0.53118762
0.36321215,0.75663664,0.53118762
0.035669477,0.80150278,0.42947797
0.035669477,0.80150278,0.42947797
0.035669477,0.80150278,0.42947797
0.035669477,0.80150278,0.42947797
0.37889654,0.91320193,0.46586198
0.078841974,0.87417025,0.41806534
0.078841974,0.87417025,0.41806534
0.022651408,0.85107926,0.44525637
-2.2924765,1.6152215,0.81760102
-1.0598991,1.1472375,1.0529765
-2.7908623,1.6340671,0.88616079
-2.2476982,1.7845107,0.85765181
-1.9483389,1.4224367,0.60412275
-2.1182409,1.5759697,0.56752915
-0.36800929,1.0592404,0.66992953
-0.31095658,1.0192171,0.75154106
-0.36056878,0.98806606,0.88788781
-0.59715557,0.91926813,1.2915087
-1.2553715,1.4931328,0.67334461
-1.7927713,1.3433737,0.79499438
-2.7562433,1.5987648,0.5760549
-2.2312772,1.4964572,0.58663989
-0.97706597,1.1154536,0.86981063
0.087188421,0.97964825,0.73982195
-0.82492833,1.0695202,0.90617473
-0.48450624,1.0698185,1.1141669
-0.74161831,1.0764313,1.5161775
-0.63990762,1.1821049,1.3009145
1.2178716,0.63332043,1.8067202
1.4269792,0.45292553,2.109955
0.21499459,0.22429575,2.4124084
1.2663103,0.20899988,3.2061844
0.79268243,1.0042995,1.489317
-0.87544435,0.90998747,0.87598061
0.45899005,1.2531226,2.005013
5.5552273,-0.96446423,1.8027334
6.2847205,-0.59400741,2.127233
5.1578346,-0.53114819,1.1546377
4.5165522,-0.46235757,1.6827311
-4.5737114,1.9671897,1.2907079
3.161316,-0.34221784,2.1177079
-0.64149796,1.2084105,0.60656775
-0.916047,1.1181645,0.95154427
-0.99401078,1.0151636,0.95005604
-0.86897933,0.8695882,0.94844731
0.82756901,0.82850082,1.373116
-1.2409692,1.2037152,1.4483724
-0.56720048,1.144243,1.2265142
-0.47010618,1.0017708,1.2354235
0.85867791,0.82136516,0.85711961
-1.193166,1.4192875,0.64964855
-0.2120826,0.7873905,0.79125905
-5.2798446,2.6366575,1.4320128
-4.6343849,2.0161602,1.2574364
-5.4283025,1.8079568,1.4853877
-5.3480985,2.0735006,1.4661014
-2.9374951,2.1824807,2.6318212
-4.2651245,2.2364855,3.1543955
-4.499824,1.9756538,2.5618839
-5.2358603,2.838732,1.9183218
-4.9592046,2.8871039,1.9876659
-5.2051756,2.9040583,1.9172396
-4.4700393,2.1656028,1.2227361
-5.2860581,2.3971402,0.89985011
-4.8095075,2.0217357,1.1877332
-4.7741599,1.9897644,1.215662
-1.7917359,1.528001,1.5476727
-1.8587666,1.3653859,1.0806945
-0.63919139,0.98712618,0.80221355
-1.1420019,1.3154295,0.55378871
-3.3625326,1.8732766,2.6748481
-2.4429893,1.3568113,1.0775706
-1.6498106,1.4305585,1.0061756
-0.82883011,1.0361341,0.92529995
-0.53162899,1.0539522,0.83180065
-0.59495233,1.0412761,0.82968248
-0.99864369,0.94156766,0.7358469
-2.7371471,1.5595584,1.3567661
-2.4735295,1.723393,0.59535624
-1.8978143,1.3926146,0.99386784
-1.6078174,1.3528082,1.0881749
-1.1593939,1.2653853,0.47295455
-0.011683818,0.96179883,0.35821677
-0.32411818,0.93352722,0.3838399
-0.32411818,0.93352722,0.3838399
-0.32411818,0.93352722,0.3838399
0.1219597,0.95795261,0.39345761
-0.04297235,0.8359778,0.40680636
0.31147898,0.82522298,0.42525012
0.31147898,0.82522298,0.42525012
0.39495655,0.80113898,1.1208609
0.49473534,0.90186872,0.57422266
0.49473534,0.90186872,0.57422266
0.14958322,0.8839034,0.89072537
0.082756075,0.8821972,0.85302523
-1.4577052,1.3182488,1.1564277
-1.97242,1.3074547,1.2169257
-0.79147224,0.79639057,1.0056132
0.98356291,1.1832249,1.7510998
-1.6123916,0.73698016,1.693391
-0.73882144,0.90600573,2.696166
-0.061106778,0.77559984,1.5149242
0.20826608,1.0142143,0.9286816
0.2399051,1.0323299,0.90427707
2.2623461,0.36452856,0.92755153
1.4247823,0.35348157,0.95560008
0.83042943,0.75436755,0.57876353
-0.048307663,0.91827786,1.1746353
-0.98087208,1.3470519,0.77625917
-1.8241117,1.2219679,0.83305954
-1.7022717,1.680157,1.1212398
2.0420249,0.42415893,1.1488098
-0.82733917,1.0980778,0.48685873
-0.82733917,1.0980778,0.48685873
-2.2020083,1.5943309,0.48999956
-2.3627542,1.6077326,0.4331761
-2.872501,1.6021931,0.44226739
-3.1320477,1.7291269,0.43909013
-3.4700714,1.9082309,0.74784034
-4.9252153,2.2829129,1.4600439
-2.1841079,1.6097593,1.3550281
-1.611139,1.3096385,0.92521134
-2.2260495,1.4962443,1.1719566
-0.89330016,1.2008947,0.89782719
-1.548643,1.3802135,0.5640254
-0.59471262,1.1807123,1.0297184
-1.5249917,1.4061297,0.69164359
1.0319855,0.74286264,0.64364859
0.1865273,0.6784716,0.68929002
-3.2318525,1.7164408,0.94375413
-3.0703385,1.8956815,0.8240279
-2.530289,1.7057223,1.0748635
-2.4991475,1.5486435,0.69770892
-3.2158942,1.895642,0.70519456
-3.324642,1.7305226,1.0525101
0.26418681,0.95294247,0.65848587
-0.68811611,1.0987428,0.72322251
0.14947995,0.82542648,0.82124343
-1.2614062,1.0815144,0.58565281
-1.136007,1.1393426,0.57547719
0.70242222,0.83418266,0.65723871
-1.6345705,1.294092,0.78583904
-1.3372363,1.1354859,0.56158161
-0.14021575,0.9327965,0.89611872
0.14595495,0.8758413,0.52600946
2.125496,0.12089096,1.7250831
2.3793153,0.28370212,1.8319631
2.1458718,0.13315035,1.2156024
2.1142901,0.012979483,1.1977886
0.89207927,0.8208247,0.95694005
-0.13610173,0.89649332,0.4853345
-1.2356513,1.1712868,0.58280388
-0.87154642,1.1800429,0.49112414
-0.87154642,1.1800429,0.49112414
0.044139635,0.96664942,0.54815017
0.43916297,0.78450907,0.62506594
1.4718327,0.41168856,1.1936263
1.8780674,0.42761647,0.69635447
5.7629496,-0.40765997,2.1770948
4.7598558,-0.36666516,2.670156
4.4224304,-0.34753379,2.4654979
4.4778895,-0.33486354,2.4509618
4.0481434,-0.45236649,2.2303682
4.7960563,-0.91583417,1.2184722
6.5880891,-0.53180602,1.7696559
6.2984477,-0.60257098,1.6584812
6.8123593,-0.46548285,1.8624692
-2.7675414,1.6510499,0.9873315
-0.24348167,1.0796701,0.91679091
-0.077303103,0.81553277,1.1280919
0.52149489,0.86594706,0.95559441
2.8676406,0.28566706,0.77234852
1.157907,0.40918461,0.87707416
-1.0680706,1.2097456,0.82205485
-0.59144774,1.0813159,0.87921816
-1.6864177,1.613365,0.81731907
-3.3266803,1.8132319,0.83633898
-4.2835906,2.1998126,1.1349948
-3.2438574,1.8825583,1.3475583
-4.0517677,2.0216493,0.7897251
-3.5005859,1.9470759,0.98949311
-3.0610226,1.7639865,0.89150796
-1.8215534,1.4955796,0.67328112
-0.71442969,1.3164182,0.71782618
0.60783887,0.75516687,0.65539803
-2.5967808,1.5039827,0.57418732
-1.2210985,1.3315313,1.1958583
-1.529002,1.1145828,1.2567509
-7.5064042,2.8724008,0.92734431
0.012270038,0.69008405,2.0339371
-0.77571948,1.2998764,1.0854339
-0.54115755,0.77900631,1.4877049
0.97953988,0.91529942,1.570764
-0.93509187,1.3543712,0.93908205
-2.3537866,1.6361578,0.56011915
-0.73985036,1.2554827,1.3667011
-2.0192024,1.2960386,1.83027
-2.3270264,1.2184007,1.6914682
-0.87848073,1.37983,0.97568534
-2.561919,1.3970303,1.2367544
-2.930423,1.5745934,0.75237146
-1.38895,1.1825231,0.95160747
-0.52039195,0.94925111,0.77069007
-1.9890625,1.3937128,0.75743158
0.056102386,1.0372022,1.5801039
0.34682597,0.77452247,0.73587789
7.0939359,-0.49975811,3.7732131
4.2832556,-1.1416175,3.8056573
5.859615,-0.56197181,3.2811182
10.089043,-2.0797604,1.7850467
9.7756816,-1.8273036,1.7430652
2.9927343,-0.14391355,2.4362551
3.3865192,-0.018136392,2.4885202
-0.43564526,1.3174523,2.2275176
-3.2494963,1.1307484,1.7879249
-3.0460263,1.5803746,1.3421069
-2.4825794,1.8246202,1.5657202
-2.6597998,1.480633,1.1849528
-2.8141828,1.398101,1.0822357
-2.2937294,1.4280567,1.182203
-2.4578268,1.5347319,0.67187233
-2.3240443,1.7700314,0.87860025
-1.257494,1.1946704,0.6552773
-1.1646771,1.2492368,0.66202553
-2.5669882,1.5430693,1.4301615
-1.9308551,1.4927115,0.46742064
-4.0994827,1.9493304,2.4294633
-3.468617,2.1035425,2.7002597
-3.2678644,2.3323804,2.0070707
-4.506675,2.1394767,1.9343678
-4.759219,2.3354506,1.4591564
-4.1434706,2.0057362,1.0695183
-2.7043041,1.6847027,1.2091287
-0.4271053,1.1588585,1.2743877
-0.59414936,0.96877357,0.95892633
-0.30081122,1.1147043,0.85554466
-0.51614319,1.1530546,0.69899098
-0.40415934,0.99479526,0.80787245
-0.39590933,0.96524478,0.55027397
-5.2991305,2.3643564,1.4995399
-5.9903728,2.539198,1.5331554
-2.3624142,1.6208541,0.82535485
-1.8547862,1.4179482,0.56426475
1.2835395,0.58932154,0.89539086
2.3485771,0.32643851,0.83468013
2.9676235,0.289,1.2203464
2.7936469,0.26633277,1.249923
2.7221761,0.16295679,1.3509423
-0.26469585,1.2226636,1.1991452
-0.13876744,1.2605505,1.2243778
-0.67124987,1.3556055,1.1840208
-0.7096003,0.89095711,1.1228013
-0.26134772,1.2286384,0.85548027
-1.4336357,1.1220498,0.82844743
0.49836975,0.72303346,0.84072682
0.044289709,0.99334233,1.3955652
0.31233929,0.56310926,1.9214584
0.42814038,0.62858024,2.73834
-0.054006207,1.0895402,1.5103996
0.85841269,0.77391197,1.016604
-0.12848518,0.791072,1.1871067
0.0043932294,0.92626165,0.96457275
-4.9194349,1.9137245,1.2655027
-7.5977216,2.5747237,1.9668574
-5.8743188,2.6895161,2.2169817
-8.5250535,3.2151329,1.7024281
-6.3484711,2.6256191,1.0788458
-6.7582059,2.6729682,0.97627875
-6.1305663,2.7512495,0.96260192
-5.5807543,2.3089619,1.4733015
-7.764309,2.9741781,1.2678694
-4.4198485,2.3834666,1.5027351
-4.232567,2.626884,2.4210348
-0.42755937,0.90286049,0.76992583
0.50693231,0.68626931,0.87286647
1.3280357,0.66129361,0.78632531
0.29372175,0.71733044,0.7806898
0.72741537,0.90638755,0.79429947
0.26388742,0.70882363,0.66647836
0.49977321,0.85484547,0.72886785
-0.60110915,1.0976142,0.60871913
-0.82604659,1.1596414,0.42925404
0.42025263,0.73350579,0.68332105
-2.1705006,1.6356033,0.78736496
2.0825446,0.21464282,0.70821818
-2.7245873,1.5303155,0.88486827
-2.7754302,1.89191,0.68042003
-2.7263923,1.8059483,0.69224266
-1.2765693,1.4610308,0.66635024
-1.4464299,1.4472414,0.66457508
-2.1490639,1.4225895,0.64043453
-2.2904411,1.6688198,0.74631516
-2.4906273,1.635308,0.67022747
1.8657724,0.40878247,0.59112509
1.3701138,0.50759014,0.68111614
5.876564,-0.95351544,2.7884375
-5.1032903,2.3373034,1.1077661
-0.058592984,0.92041205,0.71537493
0.08415327,1.00859,0.7391597
-1.0624618,1.2627466,0.70927195
-1.1498468,1.2821379,0.77993845
0.65412333,0.63379696,0.72005325
1.0806174,0.53747888,1.5729102
-1.7609816,1.3685197,0.75127731
-1.8976236,1.3746339,0.76790155
-0.55877215,0.94612503,0.74451889
0.62363111,0.85065211,0.73290269
0.067220685,0.94273192,0.50045992
0.067220685,0.94273192,0.50045992
0.35109865,0.80242845,0.68474896
-1.5098658,1.3846626,0.43766141
-1.6790761,1.418174,0.46675978
-1.6790761,1.418174,0.46675978
0.75228582,0.81568862,0.82818357
-1.4916919,1.1439607,1.226177
-1.9250519,1.4237008,0.9489459
-0.66149198,0.8523021,1.1899104
-2.3305878,1.3365565,0.83103728
0.10405069,0.83114655,0.73614121
3.0178151,0.0068718569,1.0866559
1.6223917,0.5139952,0.57458274
1.4621133,0.45297647,0.5551388
1.563571,0.46885351,0.57055584
0.50683386,0.76469624,1.2003547
1.8864994,0.2975021,0.87735776
1.2945086,0.59802976,1.0234491
-0.42609934,1.0291534,0.88322339
-0.22425521,1.0108077,0.78871007
-1.401899,1.3496216,0.65222963
0.2639135,0.86190729,0.64910394
1.179455,0.61343198,0.65960722
0.60135843,0.68051508,0.73394904
-0.039371892,0.84631695,0.7348523
-0.3751872,0.9565224,1.2074336
-1.0812204,1.2971318,0.74476146
-0.28066901,0.99539769,0.60394003
0.82329004,0.85604901,0.68293599
0.8722167,0.89168318,0.70238685
0.49853773,0.73575093,0.65410406
-2.5954461,1.4685923,1.0671659
-0.27801508,1.1424979,0.66122262
-0.78561186,1.1589474,1.2001586
0.69956043,0.57143452,0.8011765
-2.0157637,1.2964524,0.83821819
-0.89600113,1.3381323,0.93726874
-1.5394318,1.1782727,1.3297063
-4.0695924,2.3332078,1.2194451
-1.9541122,1.6376206,0.66012908
-2.0600916,1.428245,0.65953926
-2.3225687,1.4600923,1.1079503
-2.8415055,1.4403253,1.4411321
-5.5817474,2.3503058,1.1237
-6.6953909,2.6885084,1.1863955
-3.5547992,1.7612546,0.9304143
-3.6159416,1.8156689,0.89779692
-3.3007954,1.7393404,0.72156017
-1.8489079,1.4932284,0.68063268
-2.4721568,1.6447536,0.58464123
-4.2048879,2.1083735,0.53017305
4.8998196,-0.50996178,1.2931066
4.7796941,-0.29053168,1.2653162
4.3389568,-0.45317151,1.2013649
3.3620911,0.08760631,1.3745064
2.4763864,0.47299777,1.8340742
3.6086689,-0.16089454,1.6863157
3.8894706,-0.33079886,1.5549
3.6662183,-0.39514673,1.6636198
3.5130666,-0.15357749,1.6674894
1.1286244,0.57903184,0.64877423
-1.7177233,1.4374531,0.48983026
-1.6556725,1.4550348,0.49282921
-1.3258526,1.2571084,0.53861674
0.82180071,0.63196917,0.4942205
0.33298224,0.85237003,0.55546407
-1.0199069,1.1617398,0.94597898
-1.2138045,1.1754161,0.67705815
-2.2450566,1.4947865,0.49822076
-2.4193817,1.7277479,0.45708135
-1.9433446,1.6937451,0.98092864
-2.0455132,1.3658512,0.91699919
-0.48999672,0.94961787,0.71183422
-0.28888273,1.1047184,0.65927399
-0.31578119,1.1663631,0.60991968
-0.63952935,1.1027706,0.60491433
0.21322635,0.87854084,0.63474363
-1.6548659,1.4065089,0.74772631
0.84366095,0.69701834,0.67431019
0.77104136,0.75988267,0.67849722
-1.9608711,1.542519,0.77566701
-2.7819091,1.6873123,0.69537871
-0.80915948,1.1147461,0.59036719
-2.690041,1.5962345,0.75684848
-1.1434521,1.3031174,0.86155314
-2.2855833,1.3016211,1.0658038
1.7812688,0.41081277,1.0014612
3.1778998,-0.0193341,0.99412373
3.6887661,-0.20576424,1.5544354
3.7135599,-0.15226965,1.8645346
4.7293255,0.23615871,1.7192799
1.7146929,-0.30211481,3.266766
1.4247898,-0.30894885,3.7582526
3.9958517,-0.38984417,3.0177529
4.4055626,-0.50565861,2.2840262
4.3773223,-0.018771181,2.9738597
2.4511702,0.34749538,2.955409
3.6861273,-0.14850158,2.9965726
3.1178353,0.22113189,2.5261512
0.022741064,0.6522609,1.7878988
-1.0069571,1.1024226,0.46000391
-1.1711082,1.1194665,1.513745
-4.115591,2.2201689,2.1039056
-4.2191875,2.2433834,1.9917719
-4.1761558,2.2861181,2.1068737
0.12808327,0.92856991,0.4430039
-0.45549697,1.0309163,0.5550393
-1.201751,1.2464931,0.65834316
-1.0439356,1.1684145,0.81509777
-0.11692757,0.96625771,0.45504399
-1.6975328,1.4678526,0.64256508
-1.6975328,1.4678526,0.64256508
-0.94812963,1.2833234,0.56340788
-1.589804,1.2508707,1.0757911
-2.5632226,1.7096638,0.87571218
-1.8341874,1.3504055,0.84767046
-1.4000084,1.3839487,0.83285421
-1.379365,1.3948226,0.79423244
-2.6026516,1.7387038,0.76785368
-2.2244667,1.4484366,1.1903925
0.68960141,0.64234444,0.46576381
-0.64373959,1.0719451,0.53648522
0.19552516,0.9033079,0.57464905
0.19552516,0.9033079,0.57464905
-0.9447483,1.1988976,0.73389732
0.22510711,0.86319911,0.71011814
0.90557181,0.65794877,0.48552154
-0.18211259,1.0345718,0.48838525
0.10086302,1.0122048,0.59635346
-0.17440483,0.77271081,0.63663592
-1.9791723,1.5939996,1.3943133
-1.6246901,1.6887751,1.6175289
-3.9894033,1.5791825,2.3640537
-1.178754,1.7773703,2.3540991
-0.8565578,1.4368022,0.9661408
0.98599825,0.82391469,1.2935305
0.4439349,0.80027814,1.2838716
0.31104141,0.72795641,1.19368
0.035390949,1.0015421,1.540284
0.22553158,1.2210672,1.7955763
0.13506132,1.0449459,1.681434
-2.8487203,1.547923,1.6664008
-2.3952859,1.5665649,1.1657229
0.74564744,0.78328104,1.8497615
-0.46198327,0.96287443,1.7936825
-1.9283977,1.5105705,0.45068357
-1.853744,1.5215722,0.86957972
-0.0072669847,0.80317361,1.0132264
2.3224691,0.39541894,1.2025613
4.3480622,-0.42675169,1.6367262
2.9500687,0.065183327,2.0545289
-0.90983922,1.2339337,0.97598281
-2.4417037,1.4076566,0.80589567
-1.9799873,1.7761728,1.3155029
-3.1353909,1.6011319,1.0245373
-2.9695784,1.5151972,0.95391586
0.75204957,0.4351684,1.2574735
0.95354844,0.28827696,1.3825089
1.4089274,0.51466877,1.3609752
2.8853906,-0.033457479,0.64082411
3.6530735,0.099887593,0.65246299
3.617172,0.070014348,0.66284939
2.7022196,0.34810757,1.0889569
-0.017629059,0.94141551,0.58326886
0.95234196,0.78207418,1.0407323
0.16439391,0.59375193,1.0430954
0.054991814,0.61918802,1.050128
1.9387619,0.58244983,1.12544
1.9739064,0.62223186,1.1068922
1.7814072,0.1071156,1.1720712
2.9354514,0.38219232,1.2553637
0.0046285465,1.2622246,1.7971304
-4.5938235,2.5606573,1.1626905
-2.4288934,1.9207319,0.97972765
-2.4998569,1.8875537,0.98691764
-2.7253666,1.5624512,0.90420473
-0.30178759,1.0225743,0.93614133
-0.42645252,1.0645591,0.96287855
-0.66291834,1.0147617,0.95353481
2.3742806,0.3086012,0.84086656
-0.60376453,1.1181551,0.97041152
0.8796852,0.71396527,0.81021011
0.2714006,0.80068495,0.87797079
1.3473066,0.35779678,1.1069839
-0.68440998,1.2312675,0.69440335
-0.92730297,1.2186065,0.59575218
-0.91945327,1.1285029,0.68047039
-2.3719942,1.6415803,0.7371446
-2.7512287,1.5527211,1.1479006
-2.4959781,1.6747798,1.0853285
-2.2960021,1.674025,0.68930852
-2.5393698,1.6071582,0.66711582
-2.2519769,1.5587544,0.6511101
-1.8487511,1.5389831,0.65863588
-2.2639541,1.4138434,0.63771524
0.020736812,0.92207466,0.37717655
0.020736812,0.92207466,0.37717655
0.020736812,0.92207466,0.37717655
0.020736812,0.92207466,0.37717655
0.020736812,0.92207466,0.37717655
1.3079117,0.54202806,0.48685381
1.8252265,0.42627317,0.50445572
2.2837742,0.30528246,0.53435241
-2.9852121,1.7159767,1.071796
-2.4561551,1.6264066,0.67256464
2.3389553,0.24311263,0.72681538
2.0654075,0.33179759,0.7579918
2.1635114,0.23927615,0.65621573
-2.0153326,1.5500794,1.4874067
-3.1929163,1.9305218,0.9315134
-3.3605941,1.888673,0.92533646
-0.091841795,0.98323678,1.4269156
-1.8916272,1.3229228,0.94111351
-1.0046333,1.1462285,0.64666744
-1.0260111,1.0427715,0.64863645
0.62792387,0.72884447,0.86996265
-0.61606401,1.1196554,0.62605799
-0.69587961,1.1447672,0.61529356
-2.0707966,1.7257288,0.91174113
-2.2728737,1.719363,0.72320436
0.4553824,0.64799666,0.74002234
0.80273896,0.63066414,0.7280297
0.52390141,0.74106263,0.63561977
-0.93984774,1.1455853,0.62589879
-0.76957599,1.1042812,0.71609928
-0.67907151,1.1328789,0.79440615
0.77032462,0.80079349,0.90317719
3.4312546,0.13617326,1.3236537
0.31712156,0.54106128,1.3410381
0.24619342,0.5635441,1.338112
2.2464346,0.25019262,1.64322
2.1122858,0.32436637,1.5828923
3.9064697,-0.19034006,1.4733585
1.6460266,0.6297348,0.70397326
0.62625195,0.91113409,0.77295584
-0.096123783,0.89962229,0.78591518
-1.8860628,1.4893987,0.62680704
-1.7647135,1.2739728,0.70849071
-1.7647135,1.2739728,0.70849071
-1.9676135,1.7318377,1.3387243
-1.5168423,1.5114364,1.22701
-1.8129294,1.3670243,1.006782
-2.987649,1.6473816,0.8687158
-1.0430903,1.3241368,0.84416289
1.0093568,0.72707327,1.219947
-3.497737,1.8516025,0.89713048
-2.9921938,1.798063,0.88182204
-2.3969954,1.6474408,0.87635799
-6.0984858,2.6609482,1.7331974
-5.4624558,2.3455152,1.3502491
-1.968207,1.2949318,1.0625784
-1.6744289,1.4866616,0.75225294
-1.0263047,1.3226323,0.51929007
-1.0283794,1.1001451,0.59605911
-0.033554186,0.81772911,0.71467146
0.5659785,0.84148587,0.50172239
-0.066722212,0.93701985,0.44990354
0.20184927,0.95297819,0.60724331
-0.61922363,1.0251536,0.71571266
-0.67339374,1.2189572,0.68226321
-1.0110981,1.0520347,0.67044902
1.2941263,0.6392674,0.85061406
-2.7045479,1.6520986,0.86443649
-2.4699189,1.7251665,0.85896172
1.4087121,0.6361891,0.59552474
-0.30752272,1.0737059,0.67441804
-1.4486395,1.3136224,0.68548668
-1.2824593,1.2757889,0.75320673
0.13174703,0.8984738,0.84465761
0.21324801,1.0265093,0.81083555
0.20804724,0.83627931,0.71163303
0.61869765,0.93446919,0.72073
3.837359,-0.23792136,1.0575759
3.7189392,-0.32122492,0.96281465
-8.389823,3.0554922,1.4145251
-6.1037004,2.8072044,2.3374651
-5.359,2.7637459,2.1011572
-8.4390532,4.0792903,2.4737218
-9.681274,2.9191008,3.8800089
-10.793438,4.6973834,2.3011645
0.012541708,0.77150011,2.06753
0.23333743,0.81281971,1.9189743
0.86137354,0.54226107,0.96848325
1.8302525,0.27872329,0.8364433
2.062981,0.44581781,0.83673864
1.3147002,0.55196905,0.74058563
0.59561278,0.69807156,0.56161954
1.1824486,0.64696464,0.68965986
-1.3885078,1.3712274,0.66748099
-0.469577,1.0200105,0.68773171
-0.21240884,1.1031278,0.69377204
1.5002479,0.3463156,1.2676219
1.7022343,0.58788915,1.2521882
1.4559258,0.75283862,0.93939113
0.84772864,0.69492793,0.91709924
0.15910468,1.0310727,1.5536383
-0.47836879,1.0269203,0.76152271
0.18454895,0.82136521,0.7058834
-0.13127314,0.9588252,0.5038728
-1.2139395,1.2592974,0.61792411
-1.2924236,1.2811979,0.40836448
-0.80290903,1.2133559,0.51333881
-0.83915859,1.2255802,0.62676879
-1.0099094,1.1021791,0.57927862
0.11500444,1.0032993,0.74637098
0.28473542,0.71609256,0.82133554
-2.2836175,1.5957932,0.75931129
-1.350044,1.3382156,0.80094293
-2.5056529,1.7255447,0.81063922
3.1979469,0.33394978,1.002562
2.6172229,0.17918534,0.98309798
3.068045,0.11661646,1.2553971
2.3391945,-0.0038526328,1.4906534
3.6747747,0.18020959,1.4790775
3.1590797,0.20053169,1.3872129
0.089449313,1.0021951,0.57193314
-0.60012782,1.0903769,0.45220862
1.2022246,0.57800253,0.73264193
-0.44366167,1.0374222,0.59153657
-0.29405201,0.98865542,0.61564842
-0.094542355,0.95952513,0.49001676
-0.11177225,0.91443278,0.56962505
-1.0706656,1.1779899,0.56639692
-1.0161752,1.2522198,0.57206367
-2.3937657,1.650004,0.85140204
0.49931756,0.81129152,0.77226992
-0.23992897,0.69137638,0.78227896
-0.061392991,1.0321659,0.83210526
-2.2654796,1.5962665,1.7687358
-2.0378346,1.533732,1.0472309
-3.8235152,2.2424058,1.0373889
-3.4549818,2.1296799,0.96747958
-3.4377192,2.1529064,0.97116209
-2.8756782,1.5979254,0.84769301
-0.056915575,1.0398892,0.8847678
-0.18401328,1.0229108,0.49997675
-0.29695717,1.0479113,0.43064712
-1.0401187,1.2178184,0.65696249
-1.4138125,1.3795112,0.95107825
-3.1525162,1.8444831,0.77721991
-3.0061344,1.7992484,1.0923876
-1.8557842,1.5157973,1.0761598
-2.3009467,1.4604794,0.97046749
1.7007282,0.54560968,1.4813006
1.8881464,0.64904782,1.494058
0.33275343,0.94226392,1.1612388
-0.14439982,0.79740023,0.73514055
-0.39648319,0.93459504,0.66103378
0.16347532,0.81261528,0.83955544
-2.3328779,1.4796712,0.89675771
-0.88147387,1.232612,1.0177738
0.21145914,0.9190959,0.79687282
-0.51988066,1.0143603,0.70195493
-0.75255998,1.0336052,0.70983664
-0.38190038,0.91859411,0.59149382
-1.5567521,1.2232376,0.65249266
-1.2796367,1.290919,0.69080197
2.5372205,0.24359495,0.79106237
0.73190909,0.66359674,1.2774463
-2.4003833,1.6439204,0.70711301
-2.3310521,1.6579646,0.70558068
-1.9688573,1.5725609,0.88703054
-2.5340983,1.6310238,0.52247642
-2.5340983,1.6310238,0.52247642
-2.5340983,1.6310238,0.52247642
1.501276,0.39604479,1.1019824
1.1252,0.51547018,1.3097144
0.92496047,0.55832443,1.270649
-0.56097418,1.2063754,0.98875011
-0.85936145,1.3034851,1.0146839
-3.7434219,1.8235524,0.92143055
-2.896247,1.8213739,0.94197181
-2.0636197,1.5569342,0.72952679
-2.3133001,1.5532988,0.86746278
-4.4106105,2.044082,0.90022286
-4.8042959,2.1076538,0.90550763
-2.0707955,1.2760626,1.5768407
-2.8413482,1.6895378,1.210228
-3.0691059,1.8000564,0.81519295
-1.7640015,1.426877,0.56119863
-2.3514688,1.5906619,0.5436395
-3.7180746,1.9654609,0.70311082
-1.9923701,1.4988126,1.0930565
-2.8934151,1.6602578,1.2021707
-3.0223447,1.6775712,1.0373882
-0.32203688,1.0986337,0.9087552
-0.75385397,1.0811665,0.90881281
-0.60653986,1.1977761,0.90780445
0.26857227,0.81090831,0.62834727
-4.9426411,2.4245597,1.5565325
-5.8535485,2.4582069,2.1880682
-5.6198291,2.5197972,1.4932666
-7.3429002,2.9540809,1.7251739
-0.97483758,1.347708,1.1154016
-1.3903307,1.1263559,1.2180165
-1.5288792,1.1358415,1.2661687
-0.14232527,1.1883425,1.1192353
-2.0942888,1.5717524,1.4813282
-1.0875442,1.1873508,0.48361113
0.69668715,0.66984463,0.75755608
1.1673686,0.8484334,0.75318206
0.98662464,0.78033541,0.75518791
-0.84156336,1.2962453,0.57284391
-0.25263134,0.83337187,1.1174036
-0.20875883,0.97572557,1.156849
-0.54495068,1.2333611,1.2297176
-0.87786606,1.1281209,0.7670237
-4.0356585,1.9892722,1.356649
-2.9615999,1.642591,1.2948022
-2.6524463,1.9054257,1.0525926
-4.0890588,1.8839313,0.84894834
-2.1213868,1.2999629,1.0563119
-1.3283549,1.5020054,1.0319276
0.81675083,0.85687657,0.93314291
0.42654433,0.87087552,1.0297783
2.7758303,0.39771152,1.5136086
-2.1903914,1.8111597,1.5880832
-1.506527,1.4429418,0.99955792
-0.80687145,1.126422,0.61938198
-0.89861473,1.4011834,1.2373118
-2.125048,1.8430235,0.95698526
-3.1818649,1.6251642,1.03607
-2.7436777,1.7249248,0.97966503
-2.4361463,1.5789385,1.0698375
-1.7995604,1.4587985,0.52604046
-0.97710246,1.2557087,0.48671214
-1.2819498,1.2675801,0.47746752
-1.6228732,1.3362136,0.41994582
-1.2853184,1.2940649,0.51386609
-0.87177076,1.1536215,0.62748398
-1.42881,1.3361411,0.624674
-1.950071,1.4354999,0.92824506
1.4058771,0.58206013,0.87001663
0.49783963,0.83628183,1.1295115
2.5554763,0.36872468,1.0732603
0.53425079,0.7544208,0.91922135
-1.0743457,1.227601,0.48540252
-1.2826078,1.2482463,0.48998994
-1.4099562,1.3313336,0.98596275
-2.3702644,1.6303348,0.88757781
-0.85045042,1.2092503,0.5974755
2.5194387,0.2431076,0.63068575
1.982005,0.36900558,0.53929646
-3.660485,1.8214852,0.822844
-1.5719642,1.4273525,0.71752847
-1.2271808,1.2443935,0.67301482
-1.0294904,1.3509154,1.2506779
1.2811051,0.39302356,1.7940499
1.0988962,0.43232379,1.9480813
-3.2911484,1.5501146,2.0932077
-4.7408206,1.694836,1.7333365
-4.8548961,2.6808923,1.5643966
-4.73327,2.7732022,1.5479855
-4.9622644,2.740995,1.5131866
-5.3695536,2.1189399,1.0412183
4.1071924,-0.36851463,1.2259644
-5.0646556,2.2082247,0.87179931
-4.4271195,2.3348153,1.3840443
-5.5644967,2.3268669,1.4520313
-0.74104911,1.3374557,1.8461703
-1.5163974,1.2812614,1.760322
-2.7127331,1.6789219,0.51357185
0.0043818302,0.92936183,0.47569105
0.15721814,0.90514027,0.42664637
-0.76263252,1.0569343,0.44195803
1.2552385,0.57819627,0.92574812
-0.15912094,0.77667257,1.2655589
1.5629699,0.1993456,1.5121267
-1.5689466,0.98732747,0.95527849
-1.2357764,1.0913285,0.99238403
6.211512,-0.51168839,1.9854623
6.4451589,-0.33434708,1.9744984
9.4731822,-1.4380871,2.4574271
10.117281,-1.8086054,2.0659131
7.8915268,-1.449523,2.204617
-1.1752806,1.3055539,1.1572301
-3.1282473,1.7586841,1.1891986
-0.77329576,1.1201676,0.68292667
-1.1084359,1.2306787,0.75460181
-0.35585202,0.96617291,0.86850108
-0.3977005,1.0551341,0.50922073
-0.45984075,1.0925791,0.4968211
-0.42274769,1.0795333,0.72452293
-1.3934184,1.2559988,0.73364765
0.10064555,0.93651438,0.69445644
-1.4475735,1.3842797,0.91464055
0.6484213,0.78471906,0.80637376
0.87535781,0.72430399,0.74925558
-0.14229825,0.92438918,0.76580173
-0.18154295,1.0539628,0.75219975
-0.50990459,0.97086298,0.7440003
-0.24168988,1.0335186,0.73033956
-0.17449743,1.0319953,0.7434557
-1.629091,1.3761053,0.53652773
-1.0091846,1.2176217,0.55955722
-1.2274563,1.3008307,0.5489883
2.2733282,0.30256011,1.0898783
0.36045165,0.8912656,0.61930518
1.5060448,0.48862373,0.73611917
-1.7554156,1.4401798,0.58051666
-1.5039571,1.3523644,0.6019175
0.55562618,0.84386213,0.79497645
0.8680481,0.87505106,0.77466944
0.67365303,0.65965249,0.71115925
-0.98943621,1.2988371,0.4987468
-1.3542911,1.4079173,0.69737735
1.9389701,0.37416195,0.68196922
1.3204196,0.52637955,0.70785172
1.3843535,0.52915308,0.70624646
0.94692619,0.60932224,0.69778757
-0.29311552,1.0857749,0.61684504
0.72622066,0.90597423,1.0185926
0.4641949,0.70915581,0.98547682
-0.93632996,1.1420104,1.0607307
-0.79134349,1.1594023,1.1944109
0.32481693,0.58439585,1.2585123
2.7017968,0.37763281,1.1576674
1.3333817,0.18688128,1.1634323
3.684277,0.40706093,3.1701399
5.1437295,-0.35208585,1.2126872
1.0946962,0.8061685,0.9224594
0.057926239,0.78088901,1.0073898
0.54774592,1.1643399,0.96216514
-0.69090821,0.66614065,1.4044138
2.8890006,0.5789823,1.3420314
2.9600604,0.29430824,1.2634713
-1.254104,1.1237633,0.971134
0.24502901,0.79401145,0.41348029
0.25900546,0.82991793,0.45617613
-2.0279251,1.4341129,0.86679926
0.82998407,0.63522276,0.64420404
-0.27581222,0.9343905,0.79238576
1.0407208,0.3534136,0.99772344
-1.3942087,1.3352953,0.61875001
-0.84046342,1.2394353,0.60995862
0.40650018,0.73312938,0.69054138
0.10143584,0.60090058,1.8572244
-1.0504285,1.3192525,1.4483299
-2.3859862,1.3966797,0.80242548
-2.0601981,1.6858299,0.76810947
-2.8128738,1.5760319,0.78188648
-2.6266417,1.7878627,0.83094088
-2.7942952,1.5213765,0.99127877
-2.7478107,1.517752,0.55439516
-3.5020752,1.9558943,0.56659611
4.0251409,-0.11087208,1.1789018
-1.023431,1.0908535,1.4637034
-0.93526276,1.2413619,1.5500746
-7.7146895,2.8221035,1.3208151
-6.3693824,2.9824402,1.2693514
-7.8566659,2.9692994,2.1791898
-7.398002,3.0098157,2.8407329
-5.7471627,2.6710235,1.599008
-5.899141,2.7113957,1.5448554
-2.1888712,1.6878766,0.93395683
-3.0587801,1.4002021,1.0598801
-1.572772,1.7591558,1.4980841
0.71596664,1.1001906,1.6922724
-0.67002085,0.8167966,1.4471044
-0.21972216,1.0745989,1.1700681
-0.094718308,1.0233017,0.54158849
0.081002237,0.98735404,0.91145068
0.84069867,0.59251239,0.62626044
0.87699904,0.79156902,0.68107729
1.2772046,0.65605496,0.93684952
-0.48637642,0.96353076,1.161073
0.49386352,0.86545733,0.50123049
-1.0090851,1.166497,1.1838628
0.13763332,0.91009465,0.73000471
0.09834881,0.83589916,0.80322419
-0.4612652,0.96923714,1.0827928
1.7459676,0.65286592,1.0126826
1.1149364,0.42085806,1.3500921
1.153525,0.73163185,1.5245081
1.4447933,0.63177267,1.5527822
1.4915514,0.73929993,1.5602816
1.3459994,0.6666995,1.5878038
2.8096877,0.38490797,1.2134801
2.9469786,0.25635961,1.1798606
0.85984694,0.69001441,0.65367425
-0.21012812,0.93971269,0.59209099
2.3492901,0.26971583,0.65993735
-3.7128697,1.976854,0.90420056
-1.8849769,1.5784467,1.3493574
0.92341853,0.78331443,1.2495059
0.9414598,0.5937534,0.9470951
1.0099775,0.75013346,0.87233298
1.0480119,0.67507819,0.90965182
1.0784413,0.62300575,0.528853
-1.300963,1.2109995,2.091128
-0.28884399,1.0638437,1.3719585
0.56826368,0.84070666,0.47128048
-1.3875526,1.4138792,1.182666
-1.3122804,1.0306852,1.3259784
3.1435709,0.14004158,1.7013016
4.3280143,-0.4720164,2.1880067
0.26117366,1.1977009,3.0554711
-0.65798341,0.53096336,1.9649515
-0.25432698,0.47531757,1.7965406
0.91149765,0.754628,1.3372183
-6.5497236,2.4094951,1.3547932
-4.2740747,2.5616406,1.5321768
-5.4569444,2.1711659,1.257103
-5.168206,2.170166,1.2910394
-3.7218547,2.1557951,1.0253614
-4.1851093,2.0801996,1.0339198
-6.3753228,2.6822052,1.0260214
-5.4458578,2.4861839,1.5502261
-6.4541267,2.7392836,1.7810497
0.54347921,0.92320196,0.83512384
0.24895724,0.84220299,0.84459608
0.23584261,0.84825391,0.93630454
-1.0520055,1.2403774,0.95437323
-0.14502003,0.92106071,0.64376419
0.078110004,1.0327365,0.7156652
-0.29450952,0.84671861,0.75995044
-0.77869146,1.0198484,0.93264048
-1.3038429,1.1376865,0.78039874
-1.6317476,1.0629671,0.79327604
0.18191325,0.93404483,0.55240107
0.51011248,0.74301781,0.94564193
1.2657089,0.54808313,0.85986423
2.1663647,0.31720418,0.65418624
-0.73574614,1.0655066,0.6121608
-1.5798134,1.4548222,0.74412533
-2.4504585,1.5613843,0.64796781
-2.5615299,1.5499212,0.64606017
0.51519113,0.75992707,0.64192948
-0.13329058,0.87784043,0.71496568
0.78798683,0.61916374,0.69244026
0.35711728,0.71143947,0.62940131
-2.6337906,1.3947383,1.0132298
-1.9820419,1.2475205,0.93116603
-1.0759645,1.3737217,1.0398581
-1.4023889,1.5374642,2.1213907
-4.9705471,2.7251158,1.5993463
-5.2844348,2.7615662,1.6181185
-0.52718812,1.4565013,2.2046357
-4.2499728,2.506016,1.450576
-4.119911,2.4021469,1.3857841
-4.4784908,2.4149378,1.371374
-5.181845,2.2288837,1.2811064
-2.5318244,1.5326805,1.3736926
0.96998162,0.52808054,0.61199932
-0.41735306,0.93981036,0.51428319
-0.41735306,0.93981036,0.51428319
-0.23075511,0.7817532,0.65588848
-0.30793659,0.88911932,0.66690964
0.082521104,1.0250938,0.71369929
1.065971,0.60428993,0.95976869
3.9155838,-0.03609105,1.445324
3.5834406,-0.042332001,0.94741984
0.39457328,0.85187261,0.83794273
0.22662697,0.83394962,0.93512219
-1.4143178,1.2368908,0.60238459
1.3364853,0.51459104,0.58246573
-0.27604429,1.2188989,0.70635738
-0.73540553,1.1463374,0.69428892
-0.68063159,0.9884359,0.65848193
0.80197833,0.78935432,0.71135037
0.62075881,0.63234654,0.80638022
-2.6635019,1.4362004,1.2674721
-0.73910563,0.90291233,1.1849728
-0.59193972,1.0401455,1.1662391
1.1273983,0.50327869,0.71876333
1.6285661,0.5988071,1.6432657
2.1596155,0.24360197,1.9202353
3.2093512,-0.22768769,2.0965324
2.6878306,0.071892538,2.0501864
3.9368504,-0.20171744,0.85939915
3.6514176,-0.18448991,0.8878637
-1.3214061,1.2778378,0.63399084
-0.13366394,0.94830359,0.5152128
0.33290533,0.87336846,0.81383127
-0.0033146937,0.90580986,0.69711096
-0.44264704,0.85620447,0.67233434
-0.36038406,0.98921694,0.70016764
-0.99929045,1.1436646,0.56569385
-2.3050566,1.5075696,0.80824451
-2.2601568,1.5132896,0.80652101
0.94911561,0.60860293,0.55857346
-0.94228292,1.2630134,0.53461692
-0.80968527,1.0242861,0.43620128
-0.60056141,1.0643692,0.41656193
2.5232361,0.36523139,1.0298849
0.060956552,1.1005438,1.1258627
-1.1080274,1.2664847,0.71828173
-2.8461411,1.747523,0.83731871
-1.0631606,1.150012,0.52287993
-1.2783737,1.2921334,0.4363545
-0.81147449,1.1296328,0.58162018
-1.2666417,1.1558781,0.82278219
-0.96480094,1.2367499,0.85989973
-0.26479272,1.1092743,0.85535064
-2.5966672,1.6546687,0.81669557
-2.3481482,1.4970862,0.59063921
-2.0255514,1.5696774,0.67503555
-0.58358003,1.2490415,0.78623241
0.19988581,0.75066805,0.79386966
-1.7082298,1.5318934,0.8575523
-2.0882023,1.3784852,0.86820867
-1.5724242,1.4148556,0.86338702
-4.9984258,2.3184516,1.3340932
-3.2330154,1.8731335,1.6159712
-0.90905729,1.051739,1.1561849
1.4401204,0.42689933,0.74707804
2.3100262,0.17771551,0.66801088
2.1464947,0.47926152,0.74519643
1.9719323,0.32460769,0.74604978
0.51778757,0.88121626,0.97593425
1.512124,0.41095692,1.059081
2.2280267,0.34557612,1.2056052
1.6093685,0.40932822,1.234516
1.3081096,0.44841382,1.2808994
3.1406033,0.26865715,1.9549516
2.0956454,0.28806551,1.210812
-1.6360074,1.4760863,0.60433136
-1.6749041,1.4729189,0.59423182
1.2594216,0.66376921,0.89028076
-0.18985829,0.92275001,0.52539965
0.92019268,0.63758769,0.52190608
0.6036193,0.85035671,0.53255797
1.0819477,0.51585453,0.46977128
-2.5120928,1.7187323,1.0066382
-1.616881,1.4743918,0.86464608
-1.8971482,1.2454322,0.92617059
-1.2631033,1.3578011,0.77358348
-3.1698828,1.6902661,0.76788897
-2.871818,1.634288,0.7827714
-3.24652,1.9102112,0.95252599
-0.97240493,1.2409078,2.1070509
-3.8758887,1.8827746,2.3923801
-2.4862956,1.9210216,1.4819477
-6.451118,2.7425508,1.4201196
-6.6633709,2.7776273,1.5318293
-6.330257,2.8763643,1.455923
-1.8674498,1.6620405,2.8391359
-4.6973506,1.8326123,2.3093073
-4.8989735,2.9602897,2.6075104
-5.1448861,2.7835094,2.0971972
-2.0392972,1.233602,0.84865109
-1.3916197,1.2101491,0.47818537
0.67383455,0.76508467,1.1823472
-1.4526018,1.1776097,1.5566565
0.74613742,0.67490978,0.53339474
0.50148693,0.7224083,0.56532873
-0.38145663,0.99006324,0.73853774
-0.80236046,1.1936336,0.96178746
-0.49784254,1.0746729,0.760948
2.5595103,0.1766164,0.91889935
-1.5844211,1.2852848,0.61843278
-1.9528958,1.4295292,0.73694888
-1.6862421,1.5573994,0.75119733
-2.615456,1.7018591,0.6610205
-0.76974974,1.1986206,0.71841821
-0.72343391,1.1238977,0.44754489
-2.6510259,1.5273236,0.82900383
-0.97203137,1.1884435,0.55031343
-1.0227236,1.1925656,0.37901452
-1.0360924,1.1391434,0.39444242
-1.0360924,1.1391434,0.39444242
-0.89464227,1.2467357,0.40823733
-1.0324094,1.2216507,0.42669975
-1.0324094,1.2216507,0.42669975
-0.37072249,0.98433841,0.87378319
-1.3522784,1.2834331,0.54732559
-0.086383608,0.81421954,0.66550369
-0.79574396,1.2047837,0.75494218
-1.5485597,1.3039287,0.73861471
0.12105208,0.93072459,0.54708209
-1.5242147,1.3191316,0.43903043
2.1876288,0.52488054,1.2987766
0.36570458,0.53667735,1.5737333
-0.91700274,1.4677427,1.7026807
-2.7542806,1.5010073,0.89742138
-2.4174692,1.6468843,0.93376609
1.1731283,0.63068697,0.63581977
0.99473896,0.51394652,0.5727761
-3.8815758,2.1140315,1.7079828
-3.1864795,1.9626981,1.4589235
-4.3679947,2.1625563,0.7673042
1.3847563,0.71765192,1.2837843
0.12521485,0.73588483,1.0435791
0.53425734,0.76712678,0.85918652
0.51434711,1.058225,1.2488895
-0.57124526,1.241898,1.3161562
-0.50536081,1.067701,0.92786754
-5.3154196,2.3920585,1.2372823
-5.3974276,2.4530259,1.2264857
-2.6292536,1.5331486,0.66750962
-2.2347877,1.5263396,0.56687964
-3.6730217,1.8200898,0.72507908
1.6981423,0.47121257,0.46786741
1.310601,0.41788991,0.50590902
-0.9932622,1.2554269,0.40681019
-1.5080601,1.2659423,0.40040001
-1.5080601,1.2659423,0.40040001
-1.1451423,1.1735362,0.72820946
-0.55058588,1.1429446,0.8930202
-0.6020768,1.1009736,0.44928629
-0.62898406,1.1033825,0.51729873
-0.63319599,1.0057399,0.89566698
-1.1162859,1.1992589,1.0439213
-0.99302178,1.299077,1.0616086
-1.7250358,1.088984,0.99931252
-1.4545059,1.2003811,1.0110678
-1.0499455,1.4173992,0.98117127
1.475673,0.40918343,1.3360227
-2.0891355,1.5729074,0.43218798
-0.98185607,1.1203564,1.1414483
-1.1113403,1.1134347,1.1132237
-1.1341017,1.1737454,0.46299739
-0.053372089,0.91741461,0.50559155
-1.3290635,1.4351187,0.72531419
-1.6019052,1.3381158,0.73702297
1.2562532,0.71632895,0.87882525
-2.0860804,1.3725053,0.49984243
-0.33104129,0.98666539,0.59558857
-0.85073901,1.2102254,0.54235938
-1.0197852,1.2165704,0.78937236
-2.6638477,1.6141299,0.86176487
1.418859,0.47400252,0.57169884
1.3468081,0.44556059,0.56340496
-3.5499482,1.8355258,0.66636355
2.0838761,0.43243172,1.2072727
1.4776784,0.062661564,1.1765739
1.4776784,0.062661564,1.1765739
1.7560627,0.35312605,1.4450333
0.87080176,0.49346055,0.94315668
-1.0757714,1.0616233,0.90372308
-2.3212167,1.4044167,1.0851484
1.6448909,0.44084595,0.65646111
-2.1259384,1.5167746,0.78510827
-0.59651589,1.2003145,0.83626321
-2.8338951,1.661201,1.4500131
0.14889097,0.85424848,0.72863279
-0.16826452,0.87020205,0.75892242
3.1406973,-0.040585941,2.3426771
-1.4506349,1.2547262,1.7472277
2.3236195,0.25704042,1.9604629
3.4046513,0.36397609,2.195842
-0.68370863,1.1943585,0.99594424
0.2082189,0.95585473,1.1444439
0.84619438,0.92169505,1.4163334
-0.032648993,0.68156258,1.0483462
-0.28964992,1.2346387,1.3166066
-0.14838639,1.0152357,1.4798179
0.31952449,0.80054297,1.0565249
0.26815664,0.86978829,1.4033773
-0.15481437,0.85477604,1.1589867
-2.4474801,1.6975886,0.61819509
0.67741266,0.7032091,0.65966959
-1.3067012,1.2785557,0.48707679
-1.563518,1.3674878,0.73610669
0.83835176,0.71849384,1.3739385
-0.34926774,1.0378519,1.3235416
-0.68195517,0.95728276,1.4052265
-0.7906716,0.96601844,1.3925557
-3.5489434,1.8442763,1.0390469
-2.3357261,1.3821617,1.9140705
-0.57856862,0.9872772,1.3374243
0.71346946,0.75691786,0.4830092
0.20755178,0.92772053,0.51714727
0.20755178,0.92772053,0.51714727
-0.48025016,1.0001368,0.7971442
-1.1444476,1.2934108,0.76648298
0.080148835,0.9170264,0.62930093
1.4248331,0.69365472,1.2669
1.5582188,0.48416259,1.1825741
1.4286501,0.54069405,0.49085277
-1.8883947,1.4904746,0.5946919
-1.7804619,1.3420848,0.63175717
-1.943132,1.4134726,0.62652291
0.56527104,0.80403099,0.52823826
-1.5498682,1.4683374,1.8807192
1.1462281,0.60639587,0.45765891
1.36256,0.5794662,0.49055775
1.7105189,0.27993666,0.67458737
1.7849333,0.52406271,0.67905794
-1.20868,1.3234302,1.0747767
-1.8002008,1.14663,1.0403315
-1.5423719,1.3329095,1.0462605
-1.529715,1.3295462,1.0500765
-1.2995426,1.248062,0.4945958
-2.8636591,1.563298,1.768686
-2.7675575,1.5099193,1.6362824
2.951129,0.045380117,0.84262185
2.4443692,0.37508492,1.1637077
2.8436028,0.3905927,1.152302
3.0603563,-0.19356023,2.123137
4.766622,-0.49229443,0.88968899
4.7578415,-0.4691517,0.90703092
1.4525486,0.68753041,1.5063341
1.5043451,0.79037743,1.5951091
0.71485414,0.61673693,1.270017
2.8144421,0.27114376,1.0647045
3.4636648,0.24828172,1.0875358
0.5823948,0.86200415,2.005053
-1.090713,1.1454313,1.1420377
-0.66549509,1.1918125,0.77438615
-0.31611617,1.1077007,0.52946308
-1.2904591,1.3969438,0.47153722
1.1058162,0.76645298,0.74714822
1.5604354,0.68592652,1.0287089
0.20164076,0.9131754,0.68713257
1.7229259,0.49334334,0.58533928
-2.5499459,1.5872022,1.0895157
-2.0570549,1.4200709,0.69169301
0.64519036,0.85416156,0.53455844
0.68117741,0.86524372,1.0929743
-3.3143527,1.7595909,0.78142548
1.1692468,0.58153033,0.65791235
0.25672807,0.82733676,0.49863782
-1.6970981,1.3683968,0.60895998
-1.955463,1.4970737,0.6535881
-2.1243057,1.4465323,0.65806248
-1.342625,1.4878347,0.73789746
-1.5499536,1.3384987,0.76993851
-0.032935528,0.81751358,0.70650519
-1.6074169,1.2605372,1.0818873
-1.5060112,1.3246034,0.59040889
-2.1418178,1.5345433,0.58022113
-2.3433208,1.4773969,0.68944289
-2.3687785,1.6113018,0.66946618
1.699556,0.52096807,0.80613204
-1.0274259,1.175553,1.1822307
0.43386832,0.95033369,1.0183595
-1.7922685,1.3314335,0.55883547
0.77959528,0.56252003,0.81190228
-0.3304584,1.1514431,0.97744262
-0.38448287,1.147483,0.91751455
-3.3716091,1.8158858,0.9503909
-2.4490647,1.5298171,0.71175762
-2.6750331,1.5225156,0.70205675
1.0494222,0.45412034,1.5862944
0.12260929,0.73640745,1.2123108
1.513039,0.6084468,0.61255494
-2.1361307,1.7628027,1.3126678
0.73837702,1.0405429,0.93919177
0.71889105,1.0190505,1.0531641
-1.2981156,1.4420641,1.8985381
-0.6002812,0.87488477,1.6434386
0.23350817,1.1290232,1.5937794
0.85581295,0.6828816,1.5066878
0.59042667,0.77834186,1.3856173
0.19018704,0.76317226,0.97151237
2.2308411,0.40842467,1.1834102
2.212362,0.33647301,1.0857966
1.2520518,0.30832685,1.0757188
2.2444017,0.17824904,2.7199693
1.1546808,0.52029714,2.282831
0.32198265,0.39981851,1.9652943
-3.4301472,2.1069436,1.7294631
-4.1378012,1.8859629,1.3562627
-4.272947,2.3303894,1.3613383
-4.9058034,1.9171729,1.3053295
-2.3232031,1.3235126,0.99107181
-0.53165728,1.3884284,1.4328762
1.3241602,0.51752932,0.82080349
1.582665,0.58767117,0.69071723
-1.0918598,1.3475355,1.6046536
-3.2936823,2.2098246,1.7378126
-4.1146257,2.3819934,2.0633342
-4.9130773,2.1398281,2.2345038
-4.84137,2.1175027,2.2384888
-5.1268951,2.2784022,0.86431909
-4.2359999,2.2035319,0.86288349
-4.260891,2.2548709,0.87190614
-1.4571598,1.4711708,0.95277559
-1.2629551,1.2648551,0.75088528
-2.9385514,1.7546729,1.3625213
-2.5820471,1.7088897,1.3578854
-2.5111383,1.5590049,1.2007942
-2.7413501,1.5660659,1.2383077
-2.3789474,1.7416631,1.2558146
-0.52867324,0.96379613,0.43797018
-1.008639,1.2128712,0.95311207
-1.3306861,1.4029726,0.83684685
2.0321841,0.45398379,0.6884498
2.8959359,0.1703705,0.70458935
1.5923346,0.53221575,0.80239567
1.5942313,0.46278221,0.82124902
-0.55194609,0.98266968,0.90046734
-3.2907604,1.9149027,0.87637002
0.971047,0.51331729,1.1512567
-0.1398185,0.8432294,0.97983843
0.14743256,0.82682233,0.9500586
-0.048916866,0.80539231,0.93259499
-1.4315401,1.2486132,0.98982517
1.3714712,0.67611674,0.63142778
0.85301838,0.67428989,0.66889135
-1.8568826,1.4989908,0.97002536
-2.662882,1.6111974,1.0833558
-3.9354246,2.1009151,1.0615001
-4.4665023,2.1620893,0.79147834
-2.425412,1.5870421,0.76656071
-0.33407887,1.0029089,0.59909863
-1.9142369,1.4952454,0.53251519
-0.63668415,1.1223095,0.69056505
-1.689622,1.3373357,0.71734005
-0.67150217,1.1126004,0.78258544
-0.50618581,1.0932493,0.70244056
-0.71711175,1.0764044,0.54285303
-1.5479238,1.4047249,0.49226328
-1.8035428,1.3581583,0.53980306
-2.2783757,1.4249805,0.70043499
-1.437394,1.1860819,1.4226385
-3.1915667,1.9045683,0.92655829
-3.2300243,1.8816915,0.997956
-3.6790927,1.8166454,0.98151791
-2.3445659,1.4810947,0.99208239
0.02936849,0.85896679,0.63800896
0.2211258,0.87267823,0.54155737
-0.24368581,1.0846062,0.41594246
-0.24368581,1.0846062,0.41594246
-0.72817741,1.083348,0.49847426
0.85552809,0.70920068,0.77503928
-6.0514557,2.4880875,1.2093826
-4.9017439,2.0840217,1.0944832
2.0067281,0.42251625,1.9822876
0.70008379,0.76788785,0.65908867
1.9675558,0.34635192,1.4886725
4.7121914,-0.26566124,1.9945474
4.5879988,-0.58108963,2.3166158
10.708479,-1.990501,1.6819471
10.649035,-1.8151996,1.7483879
10.231989,-2.3514301,1.7050568
-2.0720966,1.8549997,1.6918571
-1.728598,1.1105903,1.387408
-3.2968842,1.6438481,1.1644428
-2.3636484,1.4989407,1.4165379
-4.198536,2.0662548,0.92738472
3.0898349,0.10443735,0.79876249
2.0575277,0.37555307,1.1656416
-0.55789613,1.1809284,1.8251515
0.29267061,0.94125173,1.8794083
-1.4655542,0.92589185,1.2750203
-5.2547034,2.2122378,2.5916128
-5.4298286,2.0440642,2.0782595
-4.7686189,2.145871,2.1747229
0.49455795,0.80921081,0.74437066
-0.9497822,1.2559971,0.55747467
1.9651343,0.29396584,1.2097012
4.847858,-0.25063182,2.1577816
4.9619919,-0.52172212,2.0191207
0.63496993,0.76621768,0.88462596
-2.0582734,1.3937562,0.71680099
-1.879358,1.5254687,0.63579281
1.9761768,0.51785472,1.1890596
4.5210238,-0.13027973,1.8738957
1.9190677,-0.082673414,2.3213745
1.9745052,0.3953888,0.65881124
-2.2991599,1.5994097,0.5397925
-2.2436101,1.5987613,0.53808754
0.17152566,0.96971632,1.0103678
0.050568572,0.95512922,0.97952573
-0.29320115,1.0482497,1.228586
-1.815312,1.3556349,0.6861597
-2.4461808,1.5177633,0.55432849
-1.8887012,1.544853,0.57275033
-2.693125,1.5229966,0.98410845
-4.1896436,1.8528379,1.1191984
-2.5440712,1.8358361,0.95432468
-2.746288,1.6256189,0.89320748
-1.336718,1.2208052,1.2991834
3.0523795,0.10310944,0.93155109
5.1056994,-0.59475958,1.586908
4.8419131,-0.66100749,1.623507
1.3740226,0.27113496,1.7546932
0.27735075,0.9430857,0.77250825
-0.88590961,1.2162679,0.77364958
0.28131736,0.87782793,0.6190265
0.42324631,0.77132464,0.58168607
1.6988973,0.51478099,1.5371886
1.3906598,0.59410718,0.56969318
0.90235956,0.7648188,0.56832598
0.78494644,0.63236053,0.66279456
0.98343689,0.79021524,0.65680523
-0.6138935,1.0014577,0.61017083
0.26560222,0.92545619,0.59940017
-1.0648933,1.1371531,0.68459998
-2.5078852,1.8452834,1.1820807
-1.3954426,1.328471,0.68641229
-2.7513268,1.6843316,0.85761459
-2.344752,1.7281116,0.8533294
2.1501259,0.32335538,0.54201711
-1.2238905,1.2080375,0.98096971
-1.0358036,1.0706335,0.57280674
-2.7313607,1.7798254,1.1055012
4.4507411,-0.92212863,2.9275771
4.6384958,-0.86457712,2.8199019
6.1838647,-0.62630844,1.928185
3.0166289,-0.11039915,1.7721488
2.8378815,0.012726114,1.6885172
2.5730366,0.26358089,2.2625228
2.60079,-0.13697854,2.3078049
2.9798772,0.25939556,1.0221018
-1.5517747,1.1938506,0.70873989
-0.52548047,0.95157333,0.70323247
-1.8965868,1.329991,0.95392821
-5.7988638,2.6939022,1.387804
-12.484524,4.4682926,3.1714643
-7.5407961,3.1006605,1.4225151
-5.7290633,2.5737872,0.87001014
-2.454405,1.6661774,2.813151
-0.29570354,1.0453385,3.1270807
-0.2561334,1.005219,2.6390388
1.281148,0.59539375,1.3304283
-1.4017656,1.0309019,1.8862209
-1.3331698,1.1257018,1.8068677
-1.566223,1.4463967,0.74106646
-1.1407752,1.26359,0.52548104
-2.0268986,1.5164381,0.5540004
-1.6083055,1.4431403,0.49000116
-2.6949337,1.6649471,0.94520258
-2.2514803,1.5425155,0.77891475
-1.1242865,1.1690336,0.72246558
-0.022818342,0.83082484,0.88110135
-0.14871517,0.80581158,0.92339531
1.1767563,0.60791215,1.2649665
0.082259028,0.82346084,1.2409787
1.503242,0.55566459,1.0322828
-1.6408466,1.2956231,0.68455456
-2.6446734,1.5182778,0.87280725
-3.0292406,1.8016752,0.81277413
-3.3474604,1.7658974,0.81730597
-3.060605,1.6867036,1.387008
2.8905155,-0.034650166,1.2540563
4.3135984,-0.051441412,1.1286746
4.1829221,-0.094272132,1.0297327
3.2710648,-0.11263708,0.98988656
1.5138109,0.54465518,0.55390158
1.5138109,0.54465518,0.55390158
-1.8571252,1.344576,0.65655414
-2.9523893,1.6167213,0.7943162
-3.8783844,1.8406839,1.4752599
-2.8411391,1.8324061,1.1231029
0.12222459,0.87330696,0.70296987
0.11975935,0.88397299,0.67637346
-0.27968973,1.0062153,0.5955785
-0.16875734,0.9219742,0.59977735
-4.031963,1.7853201,1.062262
4.6723808,-0.052822225,1.4788061
4.3371114,-0.13623803,1.3589407
-1.1205965,0.98832798,0.86207278
-1.4410709,1.436262,0.97268847
-1.5227062,1.3022394,1.0500534
3.504972,-0.099840577,1.2571654
2.5447331,0.3634004,1.2673695
2.3675011,-0.02147896,1.8169974
3.7220957,-0.26358712,1.8692785
4.0374189,-0.21191779,1.7005081
4.0102038,-0.39485951,1.529805
3.3928538,-0.2035021,1.0589771
3.7845226,-0.22242315,0.92653051
0.86984111,0.64748681,0.78726326
-0.35525444,1.0668516,0.60644322
-1.2191028,1.155914,0.50257727
-1.2191028,1.155914,0.50257727
-0.2458397,0.97503884,0.55016441
0.72685211,0.72919364,0.58858534
0.76795864,0.71329103,0.79119805
2.0725269,0.36206554,0.79161678
2.3700801,0.4086147,0.89311284
0.2147157,0.60060542,0.90486853
0.37480454,0.67232905,0.92302591
1.6145076,0.2960238,0.81863213
3.4071234,-0.16924582,1.0998597
3.9113473,-0.13480619,1.2881698
-5.0400384,2.2411443,0.852122
-3.6716249,1.8624791,0.65269946
-3.6716249,1.8624791,0.65269946
-2.7854876,1.7915626,0.73806546
-1.0677078,1.4212057,1.1777237
-1.4812449,1.0290391,1.3000124
-1.2845634,1.1511552,1.2797159
-1.2350138,1.3792358,0.65140692
-0.78857222,1.1452587,0.93391848
-0.25873738,0.95429924,1.0118829
-1.0479909,1.1445488,1.1078019
-3.0509792,1.6997038,0.69703768
2.908114,0.2052545,0.80325257
1.4874675,0.64967893,1.4344465
0.78919924,0.52256009,1.6487275
0.6907615,0.51762592,1.6559408
-0.386919,0.90476259,1.4021078
1.1064159,0.62919617,0.63308794
0.45281828,0.75336359,0.70902818
-0.017008544,0.67810837,0.72493041
-0.72037552,1.1786527,0.60616596
-1.1422992,1.1070536,0.57855001
-1.8242372,1.6175852,0.73830455
-1.649296,1.574631,0.56881964
-3.7660201,1.7670347,1.0816178
-3.3456615,1.8031848,1.1865816
1.5814106,0.48112767,0.69005245
0.73529078,0.54893565,0.69015691
1.8176306,0.34835436,0.84143973
-3.9865038,1.9649776,0.65903173
-2.6840677,1.631639,1.2518113
-2.2003904,1.5769473,0.97529223
-1.3016959,1.3121668,1.2073089
-1.6089949,1.2987473,0.57949191
-0.40422005,1.0924877,0.5526142
-0.40422005,1.0924877,0.5526142
-0.40422005,1.0924877,0.5526142
-0.082561499,0.9371591,0.51675412
-0.74639982,1.1496943,0.45064989
-0.6058127,0.97024853,0.54441021
-0.52241984,1.040026,0.61586564
1.1599075,0.61473961,0.72483143
1.3044812,0.57114801,0.9192533
0.95583419,0.59688389,0.58142349
2.5430617,0.28327,0.49206439
2.5878288,0.26554166,0.49456984
2.5878288,0.26554166,0.49456984
2.6433156,0.30480706,0.53288006
-1.4211697,1.2964642,0.8353011
-0.64418841,0.95438868,1.2493879
-1.390967,1.1248992,1.1282614
-2.9550262,1.5853106,0.78102629
-2.627758,1.7862218,0.82213176
0.34336968,0.82710708,0.7535879
1.4875576,0.53730525,0.82520809
-0.44698644,1.1420906,0.64779779
-0.86249464,1.0384919,0.63885239
-1.4739432,1.083311,0.86874223
-1.4375002,1.0323218,0.8962546
-3.545037,1.6534468,1.8400787
-0.8335984,1.4483654,1.7981326
-1.2824614,0.84824959,1.5064876
-0.51107401,1.2531354,1.1625827
-0.43545376,1.0851383,1.4792926
0.97604486,0.31559002,0.84317284
0.61416568,0.93335747,3.6224276
-0.047377904,0.73165627,0.92356201
-0.1531881,0.80405004,0.92518321
0.10623591,0.98067041,0.99197536
-1.6543423,1.3580236,0.76817469
-0.20570693,0.95356717,0.98959269
-2.2209377,1.5622025,1.1396659
-3.3100774,1.8392679,0.9194542
0.61255131,0.73636114,1.4947603
4.532429,-0.66269407,2.7261684
4.2200553,-0.75085806,2.7067931
5.0399999,-0.55391914,2.2946667
6.969261,-1.1434359,1.4320519
14.054732,-2.8988468,2.5646681
14.30118,-2.9430147,2.2461789
9.9014943,-2.0122015,3.3882981
10.090613,-2.1386384,3.7756944
10.519713,-1.5320714,2.3695432
10.179511,-1.6396768,2.4547081
12.029317,-2.7648743,2.7416481
14.773388,-2.8421766,3.0079377
11.026108,-2.5658527,2.8942504
11.799521,-2.4607257,1.9548242
13.115303,-2.6763205,2.7970169
10.156711,-2.3518501,3.7288253
11.523046,-1.759509,2.2653172
9.5136859,-2.0135075,2.7745476
9.6933583,-1.712656,2.0664623
8.3633974,-1.4793973,2.4127998
6.8632103,-1.2330848,2.5800343
6.9605675,-1.2452431,3.0280632
13.425247,-2.866939,2.0844766
14.553619,-2.7920629,1.9543886
-6.1989453,2.5304465,0.75459545
-6.2218796,2.589786,0.72509395
-5.4630585,2.5446362,1.0609144
-5.6533475,2.4992697,1.7817996
-10.184239,3.7498063,2.286292
-6.6007994,3.6995784,3.0562421
4.3246208,-0.77268864,2.2824778
5.3813726,-0.18690261,2.256826
8.2803144,-1.3227266,2.1133364
8.5928485,-1.4881294,2.7964225
8.6602244,-1.2717344,2.3324371
8.1859459,-1.5171261,2.1349391
8.7666258,-1.4424106,2.234634
5.2079284,-0.80442976,1.6960072
0.34446002,0.96696083,0.84329705
-0.5690181,0.99592087,0.80520265
-3.2830797,1.7984147,1.0437443
0.96531481,0.55805628,0.45160416
1.0360907,0.60832233,0.49607824
0.81912058,0.7341753,0.6814042
0.3228936,0.79212006,0.83329
-0.15132295,0.80213113,0.69148283
-0.32977849,1.0220741,0.48665152
-0.32977849,1.0220741,0.48665152
-0.32977849,1.0220741,0.48665152
-0.15416763,1.0276496,0.4828317
-0.70977601,1.1471208,0.4663306
-0.75839212,1.1609968,0.51340216
-1.030882,1.1501427,0.98596399
-0.2570396,1.0864047,1.3156167
2.774789,0.19282758,1.0004452
3.5034545,-0.014683573,0.67115147
1.8654638,0.42414764,1.6706701
2.167184,0.33481341,0.83649245
2.3266896,0.33036376,0.79285802
0.78171366,0.751209,0.88742192
4.1298836,-0.31161984,0.66647677
-0.0079576206,0.77783888,0.76889312
-0.5913396,1.0418967,0.50920289
-0.52664973,1.0603167,0.510204
-0.52664973,1.0603167,0.510204
-0.52664973,1.0603167,0.510204
-0.52664973,1.0603167,0.510204
-0.15186592,1.1041685,0.56046796
-0.64967391,1.0096246,0.52615395
-0.45324863,1.1012903,0.58075263
-1.0577205,1.1821701,0.81348026
-1.2124996,1.3573321,0.64625662
-1.0978669,1.3150123,0.88686473
-5.7244314,2.5050302,1.3168951
-4.1189654,2.0920098,1.1041197
-4.5361857,2.1078556,1.0252715
0.45761561,0.67891624,1.2021143
-0.5648557,1.3857034,1.1094265
0.2015884,0.69669535,1.2095358
-0.69391839,1.1853312,0.46634031
-1.1705309,1.1851283,0.43460851
-1.1373525,1.3130442,0.44220842
-1.1373525,1.3130442,0.44220842
-1.1373525,1.3130442,0.44220842
-1.1176146,1.1395287,0.48722965
-1.5087251,1.3371023,1.6208085
-1.8429672,1.4382035,0.67548599
-1.2640934,1.2682867,0.63393178
1.0671885,0.54863386,0.76287971
1.3919957,0.54621608,0.81953176
0.19455543,0.88229846,0.56949752
-2.5707962,1.5687461,0.88466097
-3.7159098,1.9732499,0.55292209
1.7182707,0.38568713,0.72494093
1.4615264,0.40905743,0.72970235
0.049857417,0.56883109,1.8530181
-1.8207128,1.2664712,0.63836232
-1.7464412,1.4340016,0.63178547
-1.7228335,1.3509328,0.50324103
-0.22998751,1.0534817,0.57839553
-1.3636111,1.2574238,0.78167172
-0.77434744,1.1194858,0.56082555
-0.47308395,1.0027849,0.48024078
-4.6619887,2.1858165,2.7520573
-4.9374932,2.2070536,0.93149519
2.0253877,0.22692559,1.8753383
1.1052285,0.73413617,1.6979471
6.3027164,-0.84985092,1.2286352
5.2627015,-0.66774094,1.1528957
4.9045511,-0.51567129,0.81105024
0.50469383,0.88776544,1.1945453
3.5559012,-0.24076096,1.9117901
4.2327416,-0.068934068,1.78321
6.1578063,-0.57773749,1.5696727
5.8905812,-0.67812397,1.4627987
7.1888582,-0.55939169,1.3821046
-1.8950639,2.0398246,2.3521835
-2.6303519,1.7765486,2.6361662
-0.068554662,1.1542494,2.7709462
-3.2655229,1.6239947,1.1039959
-0.73249434,0.91550856,1.2573071
1.0648593,0.70727158,1.50571
1.5171382,0.51751143,0.92993866
-0.01007934,0.88268857,1.0816539
-1.6652736,1.250889,1.0915958
0.95362959,0.40902762,1.2743325
0.1901649,0.5952935,0.8325129
-2.3038617,1.8666463,0.85942552
-2.6218681,1.8219486,0.87017838
-2.5155994,1.8000772,1.0584304
-2.9813482,1.5600656,1.0403438
-0.74781852,0.93108597,0.96442523
0.20819009,0.83682403,0.95781545
0.41550485,0.99401816,0.93761288
-2.3039906,1.4886515,0.8821788
0.15332854,1.0805055,1.0255777
-4.2283868,1.8787092,1.1395571
-3.8763974,1.8788431,1.1197073
-4.1629378,2.1859934,1.1991632
-4.3712234,2.0033124,1.1916763
-1.7506765,1.1175672,1.3093911
0.62098787,0.96217391,1.7116473
2.7646692,0.053162806,0.80572752
2.5258925,0.082791846,0.8324522
3.116119,0.0947405,0.78407575
1.5607613,0.47936234,0.57486579
1.5756464,0.69770197,1.5067627
1.210575,0.73027526,0.91017393
0.25433885,0.51260777,0.8848401
2.4001709,0.18635853,0.79830022
-3.3530094,1.8107944,0.98110136
0.12659676,0.96667094,0.50863397
-0.21702554,0.99510936,0.58812878
0.19312142,0.81104336,0.56487154
0.61172805,0.78182611,0.52425267
-3.0001927,1.7313308,1.1107365
-1.2062306,1.2298532,0.9260148
0.0020545617,0.96493802,0.66246831
-0.54360664,1.0720134,0.52368018
-0.372512,0.94418452,0.56871296
-0.372512,0.94418452,0.56871296
-0.56367228,0.88224573,0.69214911
-0.78362608,1.1143407,0.7277606
-0.62747863,1.1064699,0.66559932
0.52153551,0.82027537,0.90718813
0.10959054,0.82884891,0.70775576
-1.0535328,1.1524467,0.8137148
-0.31316686,1.0292479,0.564965
-0.4516791,0.9592815,0.63331796
-1.3520551,1.2123416,0.72323511
-1.5414811,1.3787377,0.75145828
-0.58533484,1.3121197,0.94496436
-0.66668962,1.1639375,0.95898483
-2.0479437,1.4009536,0.91736927
1.2667371,0.56367473,0.5912367
1.6087008,0.46202917,1.2427902
0.45422135,0.92733817,0.88721035
-0.53729965,0.79177583,0.95088841
-0.68095178,0.79500184,0.94750639
0.10863794,1.2926861,1.374601
-0.2304689,1.0552494,1.415282
-0.036437711,1.1753138,1.3369636
-0.57134728,0.87103214,1.0603352
-0.22674021,0.98698803,1.0611936
0.59965829,0.73634736,0.67448924
-1.2033315,1.3353547,0.53295482
-1.2374211,1.411091,0.59701343
-0.80873267,1.2890486,0.73542072
0.28153021,0.91767445,0.6617456
0.28153021,0.91767445,0.6617456
0.17381588,0.9353079,0.81713974
-0.29503158,0.9954816,0.56026756
0.66606409,0.82377502,0.63749604
0.99467743,0.61009626,0.53100573
0.99467743,0.61009626,0.53100573
0.99467743,0.61009626,0.53100573
-1.4890727,1.3205074,0.93711678
-3.2314068,1.7596789,0.85677283
-3.2629711,1.84805,0.85591771
6.2605469,-0.84074957,1.650058
4.4935515,-0.86321097,1.8732791
6.7431398,-0.61629996,2.1886562
6.8575435,-1.5144621,1.9049031
2.0101862,-0.019774115,1.6910993
-0.82978917,1.1195586,1.198194
-1.8009349,1.4646886,1.6753789
-2.726733,1.6868814,0.64432934
-1.1415826,1.3206311,0.97364837
-1.6503611,1.3528243,0.74984727
-0.38032883,1.0447696,0.72618372
-1.5536166,1.3557975,0.67582572
-2.1700051,1.4705796,0.86378099
-0.69573845,1.2975557,0.66505377
-0.12361685,1.1384695,1.0633874
-0.68474673,0.94062687,0.85773403
0.33140944,0.68543838,0.85463749
-0.4527614,1.0746777,0.6228067
0.18099644,0.90808663,0.5168347
-2.1749723,1.387302,1.1554806
-0.34700196,1.1304504,0.79344824
-1.6379623,1.405061,0.64020405
-1.1126068,1.1946434,0.63674175
-0.33198179,0.98796252,0.53272442
-0.33198179,0.98796252,0.53272442
-1.193386,1.214498,0.66414344
-1.515589,1.4279802,0.46135654
-1.6322873,1.3022487,0.49793119
-1.6322873,1.3022487,0.49793119
-1.6322873,1.3022487,0.49793119
-1.6114198,1.282152,0.51295464
-1.6114198,1.282152,0.51295464
-1.047391,1.3268884,0.61610864
-1.1659235,1.2395567,0.6228689
-2.0937864,1.5819184,0.67211812
-2.4155608,1.5049146,0.7250384
-3.5095379,1.6371116,0.74536358
-1.8661459,1.8473112,0.86272284
-2.6583015,1.4042529,1.6475676
0.44103142,0.70832095,1.5927784
2.6641441,0.089662736,1.0484825
-4.2751088,2.0091977,1.5409291
-4.1057397,2.2117595,1.5247283
2.3153819,0.2494786,1.1260783
2.1049167,0.35204281,0.55248565
0.38984277,0.80601318,1.7558696
0.51382589,0.62643518,1.5631575
-1.9451214,1.3686861,1.1436418
-0.90698953,1.2447076,0.69455766
-1.1523527,1.3116717,0.80643278
-0.25222337,1.0265834,1.0883501
1.1460165,0.57979634,0.79264171
0.70854882,0.5557909,0.88293757
0.27960505,0.88966722,0.704261
0.27340885,0.78098097,0.54972188
-1.6521032,1.359726,0.77078713
-1.6199778,1.4355832,0.51890681
-1.7029635,1.441165,0.48415621
-0.82687267,1.1649163,1.3882001
-0.83073458,1.1314101,1.0187362
-1.5563735,1.405631,0.93573006
-3.5391519,1.8468329,0.8054399
-0.86086634,1.1977631,1.1890099
0.3264815,0.75856552,1.3658239
-0.43405463,1.0124221,0.56185866
-1.0984871,1.3089903,0.58412897
1.4223007,0.54390652,0.72467034
-2.1688592,1.4169813,0.43230335
-1.7058518,1.2717998,0.41598968
-1.7042876,1.5047856,0.40080027
-1.6694121,1.2998845,0.40611568
-1.6694121,1.2998845,0.40611568
-1.1296483,1.33425,0.41726393
-1.1296483,1.33425,0.41726393
-1.1296483,1.33425,0.41726393
-1.1296483,1.33425,0.41726393
-1.2534374,1.2986857,0.40972054
-1.669244,1.3204676,0.41245901
-1.669244,1.3204676,0.41245901
-1.2508962,1.33078,0.40304798
-1.2508962,1.33078,0.40304798
-1.2508962,1.33078,0.40304798
-1.2508962,1.33078,0.40304798
-1.586169,1.2905524,0.39891095
-1.586169,1.2905524,0.39891095
-1.4957067,1.4211097,0.35610875
-1.4957067,1.4211097,0.35610875
-1.4957067,1.4211097,0.35610875
-1.4957067,1.4211097,0.35610875
-1.4957067,1.4211097,0.35610875
-1.4957067,1.4211097,0.35610875
-1.4957067,1.4211097,0.35610875
-1.4957067,1.4211097,0.35610875
-1.4957067,1.4211097,0.35610875
-1.4957067,1.4211097,0.35610875
-1.4957067,1.4211097,0.35610875
-1.4957067,1.4211097,0.35610875
-1.4957067,1.4211097,0.35610875
-1.4957067,1.4211097,0.35610875
-1.5269159,1.3079144,0.37900524
-1.0679623,1.2531124,0.36795845
-1.0679623,1.2531124,0.36795845
-1.0679623,1.2531124,0.36795845
-1.0679623,1.2531124,0.36795845
-1.0679623,1.2531124,0.36795845
-1.2115787,1.2608755,0.39667399
-1.4504146,1.3441828,0.41484934
-1.4504146,1.3441828,0.41484934
-0.49186168,0.96231066,0.99932154
-0.30592857,1.0039751,0.94582138
-0.20708189,0.97759019,0.97275175
1.1324331,0.6570679,1.0362896
-2.9827112,1.5792945,0.9888744
-2.6131117,1.6470165,0.99889513
2.4411792,0.22693311,0.65277593
1.4718898,0.44347931,0.68501897
-1.9238627,1.5440928,0.60135957
-3.6962252,1.9480389,1.1660282
-3.4045016,1.6912544,0.90923981
-4.0999426,2.0781796,1.3641952
-4.1199521,2.09657,0.86025107
-2.9806154,1.742575,1.0368282
-1.8636092,1.337217,0.63958866
-2.0470187,1.5220315,0.98267656
-1.8795237,1.4219315,0.55700424
-1.3882165,1.268833,0.58329505
-1.0619175,1.1538112,0.67665244
-3.7830572,1.741724,1.3619564
-0.76020873,0.92659472,1.0945464
0.29458759,0.83568409,0.75320791
-0.021785551,0.8867192,0.98556097
2.9958373,0.070989529,1.3246812
2.4067358,0.27352697,0.92352505
-2.340089,1.5862753,0.96169011
-2.075657,1.5745472,0.97800306
-0.23486566,0.89901523,0.58339999
-0.084816196,0.91666485,0.66190674
-0.1648939,1.008002,0.7577242
0.083730773,0.81205221,0.68399799
-0.10525561,0.76368855,0.67695727
0.55931674,0.91997338,0.69181685
-0.57575142,0.99063578,0.84097495
-0.68155046,1.115626,0.91063917
-2.3084663,1.5067078,0.55174014
-2.3084663,1.5067078,0.55174014
-1.6828107,1.3925186,0.63280996
-2.3087927,1.5945913,0.94011544
-2.7669278,1.4581058,0.93699603
-2.2589,1.7925082,0.90474747
-3.0735046,1.7425426,0.93069697
-1.4372805,1.321959,0.83626049
-3.1813516,1.8204314,0.73122085
1.3445568,0.45838592,0.74991019
0.60184904,0.67550546,0.61702447
0.49076098,0.6896595,0.51592186
1.206661,0.72998448,0.7008706
0.77663214,0.57153297,0.591835
-0.76461714,1.0012995,0.64400173
-0.62778059,1.2143762,0.61576832
-0.33516734,1.0699164,0.49825787
0.0264037,1.0593672,0.50941926
1.7943617,0.52522443,1.6708036
-0.51549052,0.72172573,1.6960717
0.67736169,0.72395286,0.57838056
-3.2887913,1.8642102,1.2049778
-2.8052195,1.8639836,1.1963392
-1.5812702,1.2829143,0.53637525
-1.0456933,1.1978738,0.53479405
-3.9028341,2.0395104,0.80379269
-2.7858086,1.6871435,0.96360529
-2.4327413,1.6993657,0.94669029
-0.18036909,1.0373,0.66323399
-0.18036909,1.0373,0.66323399
-0.57035368,1.0228785,0.71330403
-0.82904237,1.058828,0.5913803
-0.82904237,1.058828,0.5913803
-1.4018021,1.389638,0.45123961
-1.8414331,1.5462618,0.4597265
-1.9232883,1.4306815,0.45371886
-1.9232883,1.4306815,0.45371886
-2.4872084,1.5722985,0.43554313
-2.4872084,1.5722985,0.43554313
-2.3371261,1.6632817,0.44898491
-2.6854301,1.5662202,0.43487969
-2.6854301,1.5662202,0.43487969
-2.6854301,1.5662202,0.43487969
-2.6854301,1.5662202,0.43487969
-2.4408832,1.5477541,0.60907195
-1.5440887,1.3055531,1.2228701
-0.034436766,0.70218593,0.95305342
-3.3310018,1.6444026,0.80852737
-2.2156915,1.8096039,0.83374977
-1.0182806,1.2282922,0.72777684
0.77629159,0.35989334,1.369947
0.89969244,0.42711894,1.3474267
-1.0326924,1.1417994,0.55945645
-0.10343356,0.9128051,0.99561002
-1.3850322,1.2311291,1.0527385
-1.3030605,1.2851787,0.58748915
-0.089477759,0.96563752,0.46501801
-0.089477759,0.96563752,0.46501801
0.020418423,0.929404,0.72332291
0.70414053,0.73492138,0.89377828
0.99930125,0.67005712,0.90088863
-2.7384506,1.6778537,0.71878257
-0.80587381,1.1561142,0.97740407
0.92824689,0.71234913,0.61369924
-4.6127725,2.0244824,1.0468102
-1.8278673,1.1123961,2.1472257
-3.4632303,1.5072164,2.3185989
-4.9015439,2.5123297,1.549614
-1.1939368,1.2357556,0.57228423
-1.4005078,1.4044959,0.4949292
-0.83280679,1.3185993,0.6663864
-3.1118135,1.5761622,1.3809014
0.24268366,0.63921458,1.1898999
0.62011543,0.95288537,1.0603501
-1.0498712,0.91826181,1.8499577
1.6996449,0.72386473,1.5924497
1.1193566,0.70110874,2.0137695
1.8901308,0.20722725,1.6547816
2.7547648,0.17502547,1.3413581
3.8842241,-0.13346392,1.5811788
3.4427479,-0.069932332,1.3349439
-2.0522263,1.2418239,0.63641669
-0.61702434,1.0442918,0.59934879
0.0047023678,0.96809379,0.77420817
1.0255553,0.67392721,0.96748648
-0.51170444,1.0966944,0.60368847
-0.80905747,1.2755582,0.74637008
-0.61961757,0.99649675,0.70274284
-0.48350532,1.21784,0.87427368
0.8679594,0.83531874,1.031929
0.64687235,0.82314986,1.1466894
5.9459268,-0.62811941,1.1087147
3.0955021,0.223886,1.1132603
3.0437078,-0.085367979,1.0177922
0.41656244,0.79688672,0.71795147
0.077464395,0.93503073,0.60214761
-2.4596617,1.7384522,0.70231886
-2.3839286,1.7008174,0.59606849
1.6443167,0.36151963,0.79938569
1.7308079,0.3914646,0.7965138
-0.31874341,0.9813835,1.0768215
0.90904661,0.62394909,1.3101014
-1.0888208,1.1971075,0.71617363
-0.86767249,1.1683005,0.51562807
0.18190329,0.86191306,0.6895688
-0.20977885,1.0170491,0.5405793
-0.96506868,1.1260209,0.48364942
-1.1636247,1.1999708,0.6149513
-1.1636247,1.1999708,0.6149513
-1.826041,1.5283776,0.89084491
0.050555039,0.7800178,0.96832982
0.20644983,0.8758171,0.96803745
-1.8786921,1.5826956,0.50122621
-1.8786921,1.5826956,0.50122621
-2.0637887,1.4167196,0.53382808
-2.167399,1.5446119,0.92833789
-1.9983405,1.4069298,1.0496282
-1.4614061,1.2726532,0.67640518
-1.2000973,1.4430679,0.66431008
1.5203304,0.57019338,1.5230687
0.74633152,0.73191476,3.3568443
0.64303662,0.3567549,1.5151148
-0.59851232,1.3610012,1.2279707
2.1734806,-0.10275668,2.0146594
2.2934381,0.69669638,2.1927194
-0.32547964,0.69389136,1.3110142
-0.16462962,1.3818615,2.1189905
-3.6144056,1.5088984,2.6742085
-2.5382578,1.6588102,3.1654884
-8.0254081,3.110689,1.4672404
-7.3079323,2.7323305,2.6345646
-8.9334707,2.8991311,3.4789441
-9.9945916,3.4525666,2.3766258
-10.522288,3.4419257,2.2317049
-5.6967484,3.1562711,1.4802635
-6.0535106,2.4783086,1.8460235
-4.4027497,2.3007589,1.0897856
-2.4940231,1.8600826,2.8200247
-1.1989195,1.2392561,1.7113161
-1.8446946,1.3837894,1.1041636
-2.1493512,1.6896311,1.9368151
-1.4076842,1.1370684,0.7282335
-1.1953791,1.2828261,0.87363344
-0.52388867,1.0078316,0.72659222
1.3245787,0.597879,0.52184691
1.5102085,0.35463375,0.47127446
0.41274441,0.74227901,0.74107072
0.18184198,0.68059243,0.75537809
0.38942192,0.93991846,0.81347257
-0.82288061,1.3139286,1.2761991
-1.9907952,1.4408444,1.5738644
2.9639875,0.29307482,1.0365759
2.5568218,0.20792998,1.0915834
0.29025238,0.96392632,0.67861179
0.67289892,0.8751063,1.0102519
-1.7998537,1.427225,0.97530185
-2.7476354,1.768972,1.1533317
-0.093372407,0.9019229,0.58981241
-0.33728724,1.1282178,0.45909044
-0.33728724,1.1282178,0.45909044
-0.91039767,1.1193579,0.43310669
-1.049064,1.2535863,0.38805557
-1.3626057,1.2484302,0.36712296
-2.0581833,1.3899028,0.39126404
-2.0581833,1.3899028,0.39126404
-2.0581833,1.3899028,0.39126404
-2.0581833,1.3899028,0.39126404
-2.0581833,1.3899028,0.39126404
-2.0581833,1.3899028,0.39126404
-1.0483213,1.1993939,0.46904332
-0.27888469,1.068723,0.54392362
-0.82293679,1.1641823,0.64350161
-1.2416267,1.3102786,0.54069065
-1.8203939,1.5605772,1.0127596
-0.3590139,1.0786921,0.99877474
-8.995014,3.4100255,1.5259268
-7.4254325,3.370527,2.8518109
-10.552134,3.5692093,2.2421926
-4.7706048,2.4754318,1.6934584
1.567875,0.84797855,1.8414701
-3.2688382,1.5517669,1.4974072
-2.3186587,1.6679686,1.531865
-4.081932,2.1300556,1.1118391
-3.7919998,1.9098687,2.11644
-3.0612552,1.8317998,0.55264747
-3.611328,1.7995194,0.57753413
-3.4898872,1.8686143,0.57166318
-3.4898872,1.8686143,0.57166318
-1.6027367,1.3471609,0.87554981
-1.9413946,1.4366649,0.79866148
-1.2617694,1.3505361,0.67599092
-0.04404131,0.92024734,0.59918063
-0.13190304,0.9416216,0.57733675
0.024449791,0.96146646,0.57880184
-1.0303129,1.181632,0.7562152
-1.8068131,1.4129838,0.5428773
2.1510345,0.31949388,0.75162513
-1.1930414,1.4484687,1.1413042
-1.517269,1.2211941,1.0713334
-0.87770444,1.2216063,1.6904347
3.9613227,0.053435661,0.85965066
4.0488686,0.078000453,0.86936339
2.0131277,0.00128379,0.83585729
2.6556101,0.092825377,0.82764279
-1.6931828,1.2507822,0.6403208
-1.0003802,1.3089953,0.64839233
0.3989323,0.79381292,0.58652271
1.3710595,0.50888435,0.51797006
0.046993336,0.86172163,2.4716689
-0.14921151,0.8291608,2.4151541
1.3107339,0.47201399,0.61442129
2.1065081,0.39691633,0.66569907
2.0030499,0.28293017,0.68660855
2.5190374,0.28537108,0.68443952
2.4579188,0.14280651,0.69437471
2.4579188,0.14280651,0.69437471
1.8142411,0.57673289,1.3721265
-0.103897,1.1541976,1.4145303
-1.0718235,1.0546785,0.97197119
-1.2180899,1.1991303,0.59389286
1.1607499,0.84529224,1.7782124
-0.59872194,1.309247,1.1486175
-1.5350675,1.4765548,1.1365838
-0.70950602,1.5603371,1.2210396
-0.75295225,1.4757779,1.2540705
-1.7049714,1.083303,1.3344392
-0.10828419,1.2708333,1.85006
-2.1567061,1.1103309,2.2482852
-2.0222475,1.6739672,0.81647954
2.6231924,0.31980498,0.93392737
1.5448813,-0.018975084,0.85095457
2.7734391,0.666602,1.0377536
0.61309406,0.30166787,1.2426885
1.6213253,0.31362058,1.2488373
1.4646938,0.87530587,1.7164202
1.411893,0.92486766,1.7624906
1.3215691,1.0589385,1.5142257
0.64467741,0.014037746,2.0926266
2.1482885,1.053693,1.7711536
1.4834507,-0.26699049,1.8994516
3.2714715,0.2077027,1.7790271
2.8461188,0.31884065,0.8119174
-3.5692426,1.7638526,0.88195348
-3.6143941,1.6953644,0.87709163
-3.334506,1.9122522,0.89957507
-2.6235739,1.5753191,1.0952645
-1.0141858,1.284543,1.7698937
-3.4968046,1.9605829,0.64748065
-3.8733961,2.1231814,0.71732888
-3.72533,1.9342661,0.72214718
-4.0167493,2.1305107,0.72297413
-3.9382448,2.2378992,0.67933451
-4.4264148,1.968581,0.71683585
-3.9560792,1.9281857,0.78860181
-3.0476168,1.9269749,1.3281396
-3.2305408,1.7434953,1.433902
-2.3049864,1.6515364,1.1028063
-1.1950153,1.266107,0.67255756
0.74843586,0.65130915,0.77707919
0.74843586,0.65130915,0.77707919
1.5872356,0.57010059,1.0035924
-1.2257123,1.194591,0.52172289
-1.2257123,1.194591,0.52172289
-1.4407218,1.3070666,0.77468025
-0.97272909,1.269805,0.89619746
-1.09626,1.2238728,0.63111512
-3.2484705,1.6794519,1.0689923
-2.3041985,1.8500703,1.0448031
-2.5701073,1.6699936,1.007116
-1.9391019,1.6537952,1.1092694
-1.9067361,1.6930071,1.1453462
-1.755987,1.8106474,1.15388
1.4382717,0.9674403,1.5956475
0.098153137,0.88930688,1.0871277
1.6203128,0.3886326,1.049367
1.1861092,0.57430855,1.0383086
0.70748858,0.82666284,1.0791485
0.40272819,0.76742928,0.47608743
0.40272819,0.76742928,0.47608743
0.40272819,0.76742928,0.47608743
-0.76246537,1.1832917,0.73977063
-1.4793451,1.4315287,1.3144629
-1.6967051,1.3163006,1.5548875
-0.20256186,1.2998189,1.5872361
0.26481916,1.3962432,1.4747144
-0.30685734,0.91775859,1.4478382
-1.3525106,1.4372037,0.74952947
-0.76553274,1.3110923,0.5957476
-0.90323231,1.2566428,0.61326701
0.69488977,0.85943246,0.65780699
-2.3227058,1.700209,1.0434051
-2.6859303,1.7906552,0.83205316
-2.7707978,1.8340602,0.95327051
1.7456792,0.49731004,0.65696466
0.24905091,0.79373982,1.7011707
0.29813627,0.83175835,1.5109183
1.5695041,0.16161383,1.3885729
2.1367493,0.18419509,1.6092646
1.2039826,0.49218546,1.5674003
-2.162555,1.4131235,2.0447702
-3.1805886,1.6798098,1.9113228
-2.7077344,1.2215312,1.9060624
-2.2969606,1.4968051,1.5362799
-2.9596184,1.8174254,1.0027505
-3.8340397,2.0416649,0.55038665
-3.8340397,2.0416649,0.55038665
-3.5396372,1.8999083,0.61719102
-2.8714494,1.7439542,0.66799896
-2.9133609,1.8116927,0.65270546
-0.75626147,1.1295769,1.3512249
-2.2689667,1.6109484,1.1780683
2.1667516,0.32528749,1.2044338
2.1020335,0.19427219,1.1897057
1.7231633,0.65745918,1.6282719
-0.58686742,0.61825016,1.8681439
-0.72522635,1.6362484,1.908302
-0.49522147,1.6653756,1.9288665
-2.8460494,1.3494308,2.0941684
-0.7937935,1.1945341,1.2673211
0.8216263,0.74403139,0.61137075
1.2029673,0.60652959,0.84327294
1.1844522,0.51366285,0.75568892
1.8452987,0.47588034,0.67283723
1.2424358,0.54459204,1.3745249
2.287666,0.2915383,1.5813323
-4.1692873,2.0400439,0.9898967
-3.3804902,1.9240587,0.70270431
-3.3804902,1.9240587,0.70270431
-2.9662063,1.8751112,1.6934451
1.7584996,0.43779249,1.8271644
3.6338596,0.0064129298,2.3271326
3.3701478,-0.33506932,1.7238936
3.5905981,0.28947037,1.5394497
0.65358635,1.12153,1.5229257
-0.049171517,1.0352918,1.6376112
-1.5223877,1.3630462,1.1389903
-0.68379486,1.0853408,1.3889483
-1.0787915,1.2316387,1.6053705
-0.76895059,0.84361155,1.6700493
-0.26259248,1.3382742,1.6956568
-5.9177526,2.9679142,1.4937432
-0.5921206,1.297734,1.2833241
0.8734225,0.76837564,0.93534058
-1.5176894,1.3868743,0.63453303
-2.1957278,1.5111692,0.54230337
0.39494807,0.82632647,0.63342573
-0.41486259,1.022268,0.62815274
-0.41486259,1.022268,0.62815274
0.3728194,0.76350608,0.96018694
-0.013656952,1.0146573,0.65209499
0.41626778,0.86356885,0.92390082
3.4302261,-0.064063822,1.4357492
0.59743052,0.70624655,0.94021439
1.2710305,0.53018711,1.4405583
1.7688733,0.68515883,1.4011825
0.89215068,0.45077703,1.4862399
1.734458,0.24403788,0.7322671
1.4795185,0.68653811,0.93294917
0.44201132,0.57588883,1.4810697
-0.10402466,0.30799039,1.475533
0.0068884188,0.56381895,1.5072644
-0.26106105,0.97865834,1.5921355
1.1352122,0.49024198,0.89253789
-2.0458045,1.7253963,0.68816936
-2.3375562,1.6837866,0.83768433
-2.1513433,1.4038693,1.0484293
-1.4862381,1.4782614,0.98939298
-1.282227,1.2229412,0.93823622
-2.7824981,1.6996542,0.74674085
1.0127473,0.65586801,0.55491306
1.3756248,0.61911382,0.51049166
1.3756248,0.61911382,0.51049166
1.5386504,0.71693238,0.50023008
0.73802936,0.76799987,0.55318249
-2.0047709,1.4556183,0.82797855
-0.51625962,1.0618269,0.60823514
-2.8721448,1.7746828,0.85996741
-2.8488925,1.5507631,0.8928394
-2.3511303,1.6131462,0.89335336
-0.90286331,1.1807699,0.45693194
-0.90286331,1.1807699,0.45693194
-0.90286331,1.1807699,0.45693194
-0.85712498,1.2437876,0.46040534
-0.85712498,1.2437876,0.46040534
-1.3840857,1.2905542,0.56795104
-1.0380002,1.3311044,0.57684114
0.39160775,0.93168799,0.62792357
-1.8091104,1.3495272,0.91588406
0.17719198,0.85939661,0.66727297
0.14180942,0.87426168,1.164212
-0.12778456,0.82542078,0.62470749
-0.13562323,0.82457719,0.60928561
-0.38250795,0.85644079,1.0308382
0.45959084,0.67430905,0.72190582
0.83267958,0.55915108,0.71833213
1.7182245,0.55244371,0.68214136
1.8687261,0.55250219,0.82714032
-0.98622684,1.1890073,0.54761898
-1.765385,1.2898456,0.55053478
-1.6914784,1.2847271,0.57149312
-1.6565035,1.4574289,0.54058556
-0.60488774,1.1674132,1.0390448
0.85864486,0.74702208,0.60075389
0.58168994,0.67910162,0.63004965
-1.9860491,1.4841112,0.50392911
-1.9860491,1.4841112,0.50392911
0.19745331,0.81379391,0.61765383
-0.37682544,1.0431795,1.1168737
0.0558234,1.4225186,1.3548759
-1.4307561,1.3330368,1.467682
-0.02889639,0.94568401,0.58876718
0.079882511,0.82397087,0.59717359
0.018598381,0.96744814,0.51181406
-0.0066348219,0.9977032,0.59610251
5.2418546,-0.47067495,2.1203052
4.7645947,-0.48380579,1.0863174
4.9977911,-0.52033757,1.0381878
-6.4517313,2.6472634,1.0345744
-3.7051014,2.2447019,1.3296969
-2.0817712,1.8333563,1.8161353
-0.39198474,1.5724855,2.2232777
-3.8829017,1.9731554,1.1886919
-2.9146564,1.7868909,1.7036782
-1.1155807,1.1973847,0.68931533
0.73665226,0.71782572,0.75605121
-0.37508778,1.0549104,1.0157909
3.3698968,-0.088789113,0.77313845
-2.7725706,1.919826,1.494161
-2.6449478,1.8155305,1.5353227
-3.9353793,1.8879466,1.4251877
-4.6868407,1.9814371,1.3766453
-2.4362184,1.3519178,1.0193032
-1.4056441,1.2687945,0.74634182
0.42692728,0.81612231,0.58136974
-0.89116724,1.2182456,0.66162311
-1.4246436,1.245502,0.60671828
-1.2523314,1.4034885,0.87518427
-1.4133752,1.2411809,0.94811986
-0.51663458,0.94047292,0.95259209
0.0038639263,1.0596951,1.026159
-0.39525839,0.87331026,0.80770307
0.06812916,0.87751683,0.82236398
-0.41584931,0.79993318,0.84023815
-1.9060791,1.2759756,0.86301303
-1.1243117,1.1307097,0.57362544
1.3080031,0.45956074,0.6981061
1.2305945,0.50769532,0.70613192
1.2305945,0.50769532,0.70613192
1.3375304,0.6437505,0.56378608
